<?xml version='1.0' encoding='UTF-8'?>
<odoo>
  <record id="studio_customization.sum_population_0f69354b-8d65-4b2e-b4e8-e83389df92a1" model="base.automation" context="{'studio': True}">
    <field name="action_server_id" ref="studio_customization.sum_population_7b8d4b43-4879-473a-9ad0-fd7d8ed676f9"/>
    <field name="active" eval="True"/>
    <field name="filter_domain" eval="False"/>
    <field name="filter_pre_domain" eval="False"/>
    <field name="last_run" eval="False"/>
    <field name="on_change_fields" eval="False"/>
    <field name="trg_date_id" eval="False"/>
    <field name="trg_date_range" eval="False"/>
    <field name="trg_date_range_type" eval="False"/>
    <field name="trigger">on_write</field>
  </record>
</odoo>
