<?xml version='1.0' encoding='UTF-8'?>
<odoo>
  <record id="studio_customization.city_068c7879-2ae5-4ad1-8769-d6cab187e6a9" model="ir.actions.act_window" context="{'studio': True}">
    <field name="binding_model_id" eval="False"/>
    <field name="binding_type">action</field>
    <field name="binding_view_types">list,form</field>
    <field name="context">{}</field>
    <field name="domain" eval="False"/>
    <field name="filter" eval="False"/>
    <field name="groups_id" eval="[(6, 0, [])]"/>
    <field name="help"><![CDATA[<p class="o_view_nocontent_smiling_face">
                        This is your new action ; by default, it contains a list view and a form view.
                    </p>
                    <p>
                        You can start customizing these screens by clicking on the Studio icon on the
                        top right corner (you can also customize this help message there).
                    </p>
                ]]></field>
    <field name="limit">80</field>
    <field name="name">City</field>
    <field name="res_model">x_city</field>
    <field name="search_view_id" eval="False"/>
    <field name="target">current</field>
    <field name="type">ir.actions.act_window</field>
    <field name="usage" eval="False"/>
    <field name="view_id" eval="False"/>
    <field name="view_mode">tree,form</field>
  </record>
  <record id="studio_customization.country_09a0b207-8e54-455e-a475-f753de7ecbb1" model="ir.actions.act_window" context="{'studio': True}">
    <field name="binding_model_id" eval="False"/>
    <field name="binding_type">action</field>
    <field name="binding_view_types">list,form</field>
    <field name="context">{}</field>
    <field name="domain" eval="False"/>
    <field name="filter" eval="False"/>
    <field name="groups_id" eval="[(6, 0, [])]"/>
    <field name="help"><![CDATA[<p class="o_view_nocontent_smiling_face">
                        This is your new action ; by default, it contains a list view and a form view.
                    </p>
                    <p>
                        You can start customizing these screens by clicking on the Studio icon on the
                        top right corner (you can also customize this help message there).
                    </p>
                ]]></field>
    <field name="limit">80</field>
    <field name="name">Country</field>
    <field name="res_model">x_country</field>
    <field name="search_view_id" eval="False"/>
    <field name="target">current</field>
    <field name="type">ir.actions.act_window</field>
    <field name="usage" eval="False"/>
    <field name="view_id" eval="False"/>
    <field name="view_mode">tree,form,graph,kanban</field>
  </record>
  <record id="studio_customization.county_46558880-e3c6-46e7-90cd-84b9701bddf9" model="ir.actions.act_window" context="{'studio': True}">
    <field name="binding_model_id" eval="False"/>
    <field name="binding_type">action</field>
    <field name="binding_view_types">list,form</field>
    <field name="context">{}</field>
    <field name="domain" eval="False"/>
    <field name="filter" eval="False"/>
    <field name="groups_id" eval="[(6, 0, [])]"/>
    <field name="help"><![CDATA[<p class="o_view_nocontent_smiling_face">
                        This is your new action ; by default, it contains a list view and a form view.
                    </p>
                    <p>
                        You can start customizing these screens by clicking on the Studio icon on the
                        top right corner (you can also customize this help message there).
                    </p>
                ]]></field>
    <field name="limit">80</field>
    <field name="name">County</field>
    <field name="res_model">x_county</field>
    <field name="search_view_id" eval="False"/>
    <field name="target">current</field>
    <field name="type">ir.actions.act_window</field>
    <field name="usage" eval="False"/>
    <field name="view_id" eval="False"/>
    <field name="view_mode">tree,form</field>
  </record>
  <record id="studio_customization.county_7b5965c9-f511-436f-91d2-0006f8c13513" model="ir.actions.act_window" context="{'studio': True}">
    <field name="binding_model_id" eval="False"/>
    <field name="binding_type">action</field>
    <field name="binding_view_types">list,form</field>
    <field name="context">{}</field>
    <field name="domain" eval="False"/>
    <field name="filter" eval="False"/>
    <field name="groups_id" eval="[(6, 0, [])]"/>
    <field name="help"><![CDATA[<p class="o_view_nocontent_smiling_face">
                        This is your new action ; by default, it contains a list view and a form view.
                    </p>
                    <p>
                        You can start customizing these screens by clicking on the Studio icon on the
                        top right corner (you can also customize this help message there).
                    </p>
                ]]></field>
    <field name="limit">80</field>
    <field name="name">County</field>
    <field name="res_model">x_county</field>
    <field name="search_view_id" eval="False"/>
    <field name="target">current</field>
    <field name="type">ir.actions.act_window</field>
    <field name="usage" eval="False"/>
    <field name="view_id" eval="False"/>
    <field name="view_mode">tree,form,graph</field>
  </record>
  <record id="studio_customization.county_group_49e3205c-50d9-4aa6-9537-7a552c6d50a5" model="ir.actions.act_window" context="{'studio': True}">
    <field name="binding_model_id" eval="False"/>
    <field name="binding_type">action</field>
    <field name="binding_view_types">list,form</field>
    <field name="context">{}</field>
    <field name="domain" eval="False"/>
    <field name="filter" eval="False"/>
    <field name="groups_id" eval="[(6, 0, [])]"/>
    <field name="help"><![CDATA[<p class="o_view_nocontent_smiling_face">
                        This is your new action ; by default, it contains a list view and a form view.
                    </p>
                    <p>
                        You can start customizing these screens by clicking on the Studio icon on the
                        top right corner (you can also customize this help message there).
                    </p>
                ]]></field>
    <field name="limit">80</field>
    <field name="name">County Group</field>
    <field name="res_model">x_county_group</field>
    <field name="search_view_id" eval="False"/>
    <field name="target">current</field>
    <field name="type">ir.actions.act_window</field>
    <field name="usage" eval="False"/>
    <field name="view_id" eval="False"/>
    <field name="view_mode">tree,form</field>
  </record>
  <record id="studio_customization.county_group_detail_15e11742-9671-41fa-8bb6-d543b2eef00b" model="ir.actions.act_window" context="{'studio': True}">
    <field name="binding_model_id" eval="False"/>
    <field name="binding_type">action</field>
    <field name="binding_view_types">list,form</field>
    <field name="context">{}</field>
    <field name="domain" eval="False"/>
    <field name="filter" eval="False"/>
    <field name="groups_id" eval="[(6, 0, [])]"/>
    <field name="help"><![CDATA[<p class="o_view_nocontent_smiling_face">
                        This is your new action ; by default, it contains a list view and a form view.
                    </p>
                    <p>
                        You can start customizing these screens by clicking on the Studio icon on the
                        top right corner (you can also customize this help message there).
                    </p>
                ]]></field>
    <field name="limit">80</field>
    <field name="name">County Group Detail</field>
    <field name="res_model">x_county_group_detail</field>
    <field name="search_view_id" eval="False"/>
    <field name="target">current</field>
    <field name="type">ir.actions.act_window</field>
    <field name="usage" eval="False"/>
    <field name="view_id" eval="False"/>
    <field name="view_mode">tree,form</field>
  </record>
  <record id="studio_customization.point_of_interest_7dc25291-dd34-4b91-9f37-0b9100a0df3b" model="ir.actions.act_window" context="{'studio': True}">
    <field name="binding_model_id" eval="False"/>
    <field name="binding_type">action</field>
    <field name="binding_view_types">list,form</field>
    <field name="context">{}</field>
    <field name="domain" eval="False"/>
    <field name="filter" eval="False"/>
    <field name="groups_id" eval="[(6, 0, [])]"/>
    <field name="help"><![CDATA[<p class="o_view_nocontent_smiling_face">
                        This is your new action ; by default, it contains a list view and a form view.
                    </p>
                    <p>
                        You can start customizing these screens by clicking on the Studio icon on the
                        top right corner (you can also customize this help message there).
                    </p>
                ]]></field>
    <field name="limit">80</field>
    <field name="name">Point Of Interest</field>
    <field name="res_model">x_point_of_interest</field>
    <field name="search_view_id" eval="False"/>
    <field name="target">current</field>
    <field name="type">ir.actions.act_window</field>
    <field name="usage" eval="False"/>
    <field name="view_id" eval="False"/>
    <field name="view_mode">tree,form</field>
  </record>
  <record id="studio_customization.point_of_interest_de_045cefbf-0a30-459c-a02d-7f5f5d2a1c21" model="ir.actions.act_window" context="{'studio': True}">
    <field name="binding_model_id" eval="False"/>
    <field name="binding_type">action</field>
    <field name="binding_view_types">list,form</field>
    <field name="context">{}</field>
    <field name="domain" eval="False"/>
    <field name="filter" eval="False"/>
    <field name="groups_id" eval="[(6, 0, [])]"/>
    <field name="help"><![CDATA[<p class="o_view_nocontent_smiling_face">
                        This is your new action ; by default, it contains a list view and a form view.
                    </p>
                    <p>
                        You can start customizing these screens by clicking on the Studio icon on the
                        top right corner (you can also customize this help message there).
                    </p>
                ]]></field>
    <field name="limit">80</field>
    <field name="name">Point Of Interest Detail</field>
    <field name="res_model">x_point_of_interest_detail</field>
    <field name="search_view_id" eval="False"/>
    <field name="target">current</field>
    <field name="type">ir.actions.act_window</field>
    <field name="usage" eval="False"/>
    <field name="view_id" eval="False"/>
    <field name="view_mode">tree,form</field>
  </record>
  <record id="studio_customization.sensus_a5d59fc0-0d3e-4c30-8764-4dc7155cd125" model="ir.actions.act_window" context="{'studio': True}">
    <field name="binding_model_id" eval="False"/>
    <field name="binding_type">action</field>
    <field name="binding_view_types">list,form</field>
    <field name="context">{}</field>
    <field name="domain" eval="False"/>
    <field name="filter" eval="False"/>
    <field name="groups_id" eval="[(6, 0, [])]"/>
    <field name="help"><![CDATA[<p class="o_view_nocontent_smiling_face">
                        This is your new action ; by default, it contains a list view and a form view.
                    </p>
                    <p>
                        You can start customizing these screens by clicking on the Studio icon on the
                        top right corner (you can also customize this help message there).
                    </p>
                ]]></field>
    <field name="limit">80</field>
    <field name="name">Sensus</field>
    <field name="res_model">x_sensus</field>
    <field name="search_view_id" eval="False"/>
    <field name="target">current</field>
    <field name="type">ir.actions.act_window</field>
    <field name="usage" eval="False"/>
    <field name="view_id" eval="False"/>
    <field name="view_mode">tree,form</field>
  </record>
</odoo>
