<?xml version='1.0' encoding='UTF-8'?>
<odoo>
  <record id="studio_customization.sum_population_7b8d4b43-4879-473a-9ad0-fd7d8ed676f9" model="ir.actions.server" context="{'studio': True}">
    <field name="binding_model_id" eval="False"/>
    <field name="binding_type">action</field>
    <field name="binding_view_types">list,form</field>
    <field name="child_ids" eval="[(6, 0, [])]"/>
    <field name="code"><![CDATA[# Available variables:
#  - env: Odoo Environment on which the action is triggered
#  - model: Odoo Model of the record on which the action is triggered; is a void recordset
#  - record: record on which the action is triggered; may be void
#  - records: recordset of all records on which the action is triggered in multi-mode; may be void
#  - time, datetime, dateutil, timezone: useful Python libraries
#  - log: log(message, level='info'): logging function to record debug information in ir.logging table
#  - Warning: Warning Exception to use with raise
# To return an action, assign: action = {...}



]]></field>
    <field name="crud_model_id" eval="False"/>
    <field name="help" eval="False"/>
    <field name="link_field_id" eval="False"/>
    <field name="model_id" ref="studio_customization.county_group_c89e7720-8f7d-4e48-9ac6-219a75280967"/>
    <field name="name">Sum Population</field>
    <field name="sequence">5</field>
    <field name="state">object_write</field>
  </record>
</odoo>
