<?xml version='1.0' encoding='UTF-8'?>
<odoo>
  <record id="studio_customization.county_30a33146-3d0c-470e-998b-e612b45595a6" model="ir.model" context="{'studio': True}">
    <field name="info"> Main super-class for regular database-persisted Odoo models.

    Odoo models are created by inheriting from this class::

        class user(Model):
            ...

    The system will later instantiate the class once per database (on
    which the class' module is installed).
    </field>
    <field name="is_mail_thread" eval="False"/>
    <field name="model">x_county</field>
    <field name="name">County</field>
    <field name="state">manual</field>
    <field name="transient" eval="False"/>
  </record>
  <record id="studio_customization.city_82d9f50f-029d-4324-84a3-bfdb9d153723" model="ir.model" context="{'studio': True}">
    <field name="info"> Main super-class for regular database-persisted Odoo models.

    Odoo models are created by inheriting from this class::

        class user(Model):
            ...

    The system will later instantiate the class once per database (on
    which the class' module is installed).
    </field>
    <field name="is_mail_thread" eval="False"/>
    <field name="model">x_city</field>
    <field name="name">City</field>
    <field name="state">manual</field>
    <field name="transient" eval="False"/>
  </record>
  <record id="studio_customization.country_61bef620-6daf-4fc7-8d49-481efde9d688" model="ir.model" context="{'studio': True}">
    <field name="info"> Main super-class for regular database-persisted Odoo models.

    Odoo models are created by inheriting from this class::

        class user(Model):
            ...

    The system will later instantiate the class once per database (on
    which the class' module is installed).
    </field>
    <field name="is_mail_thread" eval="False"/>
    <field name="model">x_country</field>
    <field name="name">Country</field>
    <field name="state">manual</field>
    <field name="transient" eval="False"/>
  </record>
  <record id="studio_customization.sensus_5284d04c-805f-451f-9371-b34dbbe80582" model="ir.model" context="{'studio': True}">
    <field name="info"> Main super-class for regular database-persisted Odoo models.

    Odoo models are created by inheriting from this class::

        class user(Model):
            ...

    The system will later instantiate the class once per database (on
    which the class' module is installed).
    </field>
    <field name="is_mail_thread" eval="False"/>
    <field name="model">x_sensus</field>
    <field name="name">Sensus</field>
    <field name="state">manual</field>
    <field name="transient" eval="False"/>
  </record>
  <record id="studio_customization.point_of_interest_2b129c97-4e88-4d67-ba17-77bfc95f78f5" model="ir.model" context="{'studio': True}">
    <field name="info"> Main super-class for regular database-persisted Odoo models.

    Odoo models are created by inheriting from this class::

        class user(Model):
            ...

    The system will later instantiate the class once per database (on
    which the class' module is installed).
    </field>
    <field name="is_mail_thread" eval="False"/>
    <field name="model">x_point_of_interest</field>
    <field name="name">Point Of Interest</field>
    <field name="state">manual</field>
    <field name="transient" eval="False"/>
  </record>
  <record id="studio_customization.county_group_c89e7720-8f7d-4e48-9ac6-219a75280967" model="ir.model" context="{'studio': True}">
    <field name="info"> Main super-class for regular database-persisted Odoo models.

    Odoo models are created by inheriting from this class::

        class user(Model):
            ...

    The system will later instantiate the class once per database (on
    which the class' module is installed).
    </field>
    <field name="is_mail_thread" eval="False"/>
    <field name="model">x_county_group</field>
    <field name="name">County Group</field>
    <field name="state">manual</field>
    <field name="transient" eval="False"/>
  </record>
  <record id="studio_customization.county_group_detail_4e79bba2-a6c3-434e-831c-7aa5e4968e6d" model="ir.model" context="{'studio': True}">
    <field name="info"> Main super-class for regular database-persisted Odoo models.

    Odoo models are created by inheriting from this class::

        class user(Model):
            ...

    The system will later instantiate the class once per database (on
    which the class' module is installed).
    </field>
    <field name="is_mail_thread" eval="False"/>
    <field name="model">x_county_group_detail</field>
    <field name="name">County Group Detail</field>
    <field name="state">manual</field>
    <field name="transient" eval="False"/>
  </record>
  <record id="studio_customization.point_of_interest_de_a1caaf86-ab04-4f40-85c3-a97234f4490e" model="ir.model" context="{'studio': True}">
    <field name="info"> Main super-class for regular database-persisted Odoo models.

    Odoo models are created by inheriting from this class::

        class user(Model):
            ...

    The system will later instantiate the class once per database (on
    which the class' module is installed).
    </field>
    <field name="is_mail_thread" eval="False"/>
    <field name="model">x_point_of_interest_detail</field>
    <field name="name">Point Of Interest Detail</field>
    <field name="state">manual</field>
    <field name="transient" eval="False"/>
  </record>
</odoo>
