<?xml version='1.0' encoding='UTF-8'?>
<odoo>
  <record id="studio_customization.county_group_system_43b564fd-2a2f-4d6c-9b5f-289402bd5603" model="ir.model.access" context="{'studio': True}">
    <field name="active" eval="True"/>
    <field name="group_id" ref="base.group_system"/>
    <field name="model_id" ref="studio_customization.county_30a33146-3d0c-470e-998b-e612b45595a6"/>
    <field name="name">County group_system</field>
    <field name="perm_create" eval="True"/>
    <field name="perm_read" eval="True"/>
    <field name="perm_unlink" eval="True"/>
    <field name="perm_write" eval="True"/>
  </record>
  <record id="studio_customization.county_group_user_ce86f723-c301-4b70-8f3c-cd396910db9e" model="ir.model.access" context="{'studio': True}">
    <field name="active" eval="True"/>
    <field name="group_id" ref="base.group_user"/>
    <field name="model_id" ref="studio_customization.county_30a33146-3d0c-470e-998b-e612b45595a6"/>
    <field name="name">County group_user</field>
    <field name="perm_create" eval="False"/>
    <field name="perm_read" eval="True"/>
    <field name="perm_unlink" eval="False"/>
    <field name="perm_write" eval="False"/>
  </record>
  <record id="studio_customization.city_group_system_136ee888-148b-4c92-b409-fbca1c0377f0" model="ir.model.access" context="{'studio': True}">
    <field name="active" eval="True"/>
    <field name="group_id" ref="base.group_system"/>
    <field name="model_id" ref="studio_customization.city_82d9f50f-029d-4324-84a3-bfdb9d153723"/>
    <field name="name">City group_system</field>
    <field name="perm_create" eval="True"/>
    <field name="perm_read" eval="True"/>
    <field name="perm_unlink" eval="True"/>
    <field name="perm_write" eval="True"/>
  </record>
  <record id="studio_customization.city_group_user_bde131ba-dc64-4283-b778-3f685446687c" model="ir.model.access" context="{'studio': True}">
    <field name="active" eval="True"/>
    <field name="group_id" ref="base.group_user"/>
    <field name="model_id" ref="studio_customization.city_82d9f50f-029d-4324-84a3-bfdb9d153723"/>
    <field name="name">City group_user</field>
    <field name="perm_create" eval="False"/>
    <field name="perm_read" eval="True"/>
    <field name="perm_unlink" eval="False"/>
    <field name="perm_write" eval="False"/>
  </record>
  <record id="studio_customization.country_group_system_cf588fb1-5944-4b3a-9a7c-193fec9e20bd" model="ir.model.access" context="{'studio': True}">
    <field name="active" eval="True"/>
    <field name="group_id" ref="base.group_system"/>
    <field name="model_id" ref="studio_customization.country_61bef620-6daf-4fc7-8d49-481efde9d688"/>
    <field name="name">Country group_system</field>
    <field name="perm_create" eval="True"/>
    <field name="perm_read" eval="True"/>
    <field name="perm_unlink" eval="True"/>
    <field name="perm_write" eval="True"/>
  </record>
  <record id="studio_customization.country_group_user_cdc0ba28-c91e-4dd9-b9bf-689a30f14f5e" model="ir.model.access" context="{'studio': True}">
    <field name="active" eval="True"/>
    <field name="group_id" ref="base.group_user"/>
    <field name="model_id" ref="studio_customization.country_61bef620-6daf-4fc7-8d49-481efde9d688"/>
    <field name="name">Country group_user</field>
    <field name="perm_create" eval="False"/>
    <field name="perm_read" eval="True"/>
    <field name="perm_unlink" eval="False"/>
    <field name="perm_write" eval="False"/>
  </record>
  <record id="studio_customization.sensus_group_system_c23fed12-6951-461b-aeef-c53c84ef4af3" model="ir.model.access" context="{'studio': True}">
    <field name="active" eval="True"/>
    <field name="group_id" ref="base.group_system"/>
    <field name="model_id" ref="studio_customization.sensus_5284d04c-805f-451f-9371-b34dbbe80582"/>
    <field name="name">Sensus group_system</field>
    <field name="perm_create" eval="True"/>
    <field name="perm_read" eval="True"/>
    <field name="perm_unlink" eval="True"/>
    <field name="perm_write" eval="True"/>
  </record>
  <record id="studio_customization.sensus_group_user_e2bdfb3a-af21-4e91-acc2-236fcb4a5b1c" model="ir.model.access" context="{'studio': True}">
    <field name="active" eval="True"/>
    <field name="group_id" ref="base.group_user"/>
    <field name="model_id" ref="studio_customization.sensus_5284d04c-805f-451f-9371-b34dbbe80582"/>
    <field name="name">Sensus group_user</field>
    <field name="perm_create" eval="False"/>
    <field name="perm_read" eval="True"/>
    <field name="perm_unlink" eval="False"/>
    <field name="perm_write" eval="False"/>
  </record>
  <record id="studio_customization.point_of_interest_gr_be40e9ac-ad21-4085-97b1-595820565651" model="ir.model.access" context="{'studio': True}">
    <field name="active" eval="True"/>
    <field name="group_id" ref="base.group_system"/>
    <field name="model_id" ref="studio_customization.point_of_interest_2b129c97-4e88-4d67-ba17-77bfc95f78f5"/>
    <field name="name">Point Of Interest group_system</field>
    <field name="perm_create" eval="True"/>
    <field name="perm_read" eval="True"/>
    <field name="perm_unlink" eval="True"/>
    <field name="perm_write" eval="True"/>
  </record>
  <record id="studio_customization.point_of_interest_gr_9abfc0fb-c849-4a59-8dd2-9a0b72e71b8d" model="ir.model.access" context="{'studio': True}">
    <field name="active" eval="True"/>
    <field name="group_id" ref="base.group_user"/>
    <field name="model_id" ref="studio_customization.point_of_interest_2b129c97-4e88-4d67-ba17-77bfc95f78f5"/>
    <field name="name">Point Of Interest group_user</field>
    <field name="perm_create" eval="False"/>
    <field name="perm_read" eval="True"/>
    <field name="perm_unlink" eval="False"/>
    <field name="perm_write" eval="False"/>
  </record>
  <record id="studio_customization.county_group_group_s_74a90abc-9d0a-4de1-b09d-c12e619a16e0" model="ir.model.access" context="{'studio': True}">
    <field name="active" eval="True"/>
    <field name="group_id" ref="base.group_system"/>
    <field name="model_id" ref="studio_customization.county_group_c89e7720-8f7d-4e48-9ac6-219a75280967"/>
    <field name="name">County Group group_system</field>
    <field name="perm_create" eval="True"/>
    <field name="perm_read" eval="True"/>
    <field name="perm_unlink" eval="True"/>
    <field name="perm_write" eval="True"/>
  </record>
  <record id="studio_customization.county_group_group_u_05d9f898-7afc-436e-bb71-07db04f431de" model="ir.model.access" context="{'studio': True}">
    <field name="active" eval="True"/>
    <field name="group_id" ref="base.group_user"/>
    <field name="model_id" ref="studio_customization.county_group_c89e7720-8f7d-4e48-9ac6-219a75280967"/>
    <field name="name">County Group group_user</field>
    <field name="perm_create" eval="False"/>
    <field name="perm_read" eval="True"/>
    <field name="perm_unlink" eval="False"/>
    <field name="perm_write" eval="False"/>
  </record>
  <record id="studio_customization.county_group_detail__6f4fcb04-fe2f-4db9-83c4-e42a3871d1ab" model="ir.model.access" context="{'studio': True}">
    <field name="active" eval="True"/>
    <field name="group_id" ref="base.group_system"/>
    <field name="model_id" ref="studio_customization.county_group_detail_4e79bba2-a6c3-434e-831c-7aa5e4968e6d"/>
    <field name="name">County Group Detail group_system</field>
    <field name="perm_create" eval="True"/>
    <field name="perm_read" eval="True"/>
    <field name="perm_unlink" eval="True"/>
    <field name="perm_write" eval="True"/>
  </record>
  <record id="studio_customization.county_group_detail__73b77044-6bd7-4d86-a724-22b4d3df2195" model="ir.model.access" context="{'studio': True}">
    <field name="active" eval="True"/>
    <field name="group_id" ref="base.group_user"/>
    <field name="model_id" ref="studio_customization.county_group_detail_4e79bba2-a6c3-434e-831c-7aa5e4968e6d"/>
    <field name="name">County Group Detail group_user</field>
    <field name="perm_create" eval="False"/>
    <field name="perm_read" eval="True"/>
    <field name="perm_unlink" eval="False"/>
    <field name="perm_write" eval="False"/>
  </record>
  <record id="studio_customization.point_of_interest_de_381f64fd-dfdf-40c8-b9e0-3008408a71d4" model="ir.model.access" context="{'studio': True}">
    <field name="active" eval="True"/>
    <field name="group_id" ref="base.group_system"/>
    <field name="model_id" ref="studio_customization.point_of_interest_de_a1caaf86-ab04-4f40-85c3-a97234f4490e"/>
    <field name="name">Point Of Interest Detail group_system</field>
    <field name="perm_create" eval="True"/>
    <field name="perm_read" eval="True"/>
    <field name="perm_unlink" eval="True"/>
    <field name="perm_write" eval="True"/>
  </record>
  <record id="studio_customization.point_of_interest_de_deb071fb-dc4b-4b84-88a1-621366acec43" model="ir.model.access" context="{'studio': True}">
    <field name="active" eval="True"/>
    <field name="group_id" ref="base.group_user"/>
    <field name="model_id" ref="studio_customization.point_of_interest_de_a1caaf86-ab04-4f40-85c3-a97234f4490e"/>
    <field name="name">Point Of Interest Detail group_user</field>
    <field name="perm_create" eval="False"/>
    <field name="perm_read" eval="True"/>
    <field name="perm_unlink" eval="False"/>
    <field name="perm_write" eval="False"/>
  </record>
</odoo>
