<?xml version='1.0' encoding='UTF-8'?>
<odoo>
  <record id="studio_customization.name_county_7bb3f95a-11a2-449a-8109-943090ceb074" model="ir.model.fields" context="{'studio': True}">
    <field name="complete_name" eval="False"/>
    <field name="compute" eval="False"/>
    <field name="copied" eval="False"/>
    <field name="depends" eval="False"/>
    <field name="domain">[]</field>
    <field name="field_description">Name</field>
    <field name="groups" eval="[(6, 0, [])]"/>
    <field name="help" eval="False"/>
    <field name="index" eval="False"/>
    <field name="model">x_county</field>
    <field name="model_id" ref="studio_customization.county_30a33146-3d0c-470e-998b-e612b45595a6"/>
    <field name="name">x_name</field>
    <field name="on_delete" eval="False"/>
    <field name="readonly" eval="False"/>
    <field name="related" eval="False"/>
    <field name="relation" eval="False"/>
    <field name="relation_field" eval="False"/>
    <field name="relation_table" eval="False"/>
    <field name="required" eval="False"/>
    <field name="selectable" eval="True"/>
    <field name="selection" eval="False"/>
    <field name="size" eval="False"/>
    <field name="state">manual</field>
    <field name="store" eval="True"/>
    <field name="tracking" eval="False"/>
    <field name="translate" eval="False"/>
    <field name="ttype">char</field>
  </record>
  <record id="studio_customization.name_city_11387bdc-4315-426c-bdc1-e0551d1ab467" model="ir.model.fields" context="{'studio': True}">
    <field name="complete_name" eval="False"/>
    <field name="compute" eval="False"/>
    <field name="copied" eval="False"/>
    <field name="depends" eval="False"/>
    <field name="domain">[]</field>
    <field name="field_description">Name</field>
    <field name="groups" eval="[(6, 0, [])]"/>
    <field name="help" eval="False"/>
    <field name="index" eval="False"/>
    <field name="model">x_city</field>
    <field name="model_id" ref="studio_customization.city_82d9f50f-029d-4324-84a3-bfdb9d153723"/>
    <field name="name">x_name</field>
    <field name="on_delete" eval="False"/>
    <field name="readonly" eval="False"/>
    <field name="related" eval="False"/>
    <field name="relation" eval="False"/>
    <field name="relation_field" eval="False"/>
    <field name="relation_table" eval="False"/>
    <field name="required" eval="False"/>
    <field name="selectable" eval="True"/>
    <field name="selection" eval="False"/>
    <field name="size" eval="False"/>
    <field name="state">manual</field>
    <field name="store" eval="True"/>
    <field name="tracking" eval="False"/>
    <field name="translate" eval="False"/>
    <field name="ttype">char</field>
  </record>
  <record id="studio_customization.name_country_9b913c38-e973-4f28-9546-5e4862cf7f50" model="ir.model.fields" context="{'studio': True}">
    <field name="complete_name" eval="False"/>
    <field name="compute" eval="False"/>
    <field name="copied" eval="False"/>
    <field name="depends" eval="False"/>
    <field name="domain">[]</field>
    <field name="field_description">Name</field>
    <field name="groups" eval="[(6, 0, [])]"/>
    <field name="help" eval="False"/>
    <field name="index" eval="False"/>
    <field name="model">x_country</field>
    <field name="model_id" ref="studio_customization.country_61bef620-6daf-4fc7-8d49-481efde9d688"/>
    <field name="name">x_name</field>
    <field name="on_delete" eval="False"/>
    <field name="readonly" eval="False"/>
    <field name="related" eval="False"/>
    <field name="relation" eval="False"/>
    <field name="relation_field" eval="False"/>
    <field name="relation_table" eval="False"/>
    <field name="required" eval="False"/>
    <field name="selectable" eval="True"/>
    <field name="selection" eval="False"/>
    <field name="size" eval="False"/>
    <field name="state">manual</field>
    <field name="store" eval="True"/>
    <field name="tracking" eval="False"/>
    <field name="translate" eval="False"/>
    <field name="ttype">char</field>
  </record>
  <record id="studio_customization.country_country_f5b2f899-a4e4-41fd-a8a1-88aa111e6cb1" model="ir.model.fields" context="{'studio': True}">
    <field name="complete_name" eval="False"/>
    <field name="compute" eval="False"/>
    <field name="copied" eval="False"/>
    <field name="depends" eval="False"/>
    <field name="domain">[]</field>
    <field name="field_description">Country</field>
    <field name="groups" eval="[(6, 0, [])]"/>
    <field name="help" eval="False"/>
    <field name="index" eval="False"/>
    <field name="model">x_country</field>
    <field name="model_id" ref="studio_customization.country_61bef620-6daf-4fc7-8d49-481efde9d688"/>
    <field name="name">x_studio_country</field>
    <field name="on_delete">set null</field>
    <field name="readonly" eval="False"/>
    <field name="related" eval="False"/>
    <field name="relation">res.country</field>
    <field name="relation_field" eval="False"/>
    <field name="relation_table" eval="False"/>
    <field name="required" eval="False"/>
    <field name="selectable" eval="True"/>
    <field name="selection" eval="False"/>
    <field name="size" eval="False"/>
    <field name="state">manual</field>
    <field name="store" eval="True"/>
    <field name="tracking" eval="False"/>
    <field name="translate" eval="False"/>
    <field name="ttype">many2one</field>
  </record>
  <record id="studio_customization.country_county_67202d92-0e9a-45e1-a554-f84d287c668c" model="ir.model.fields" context="{'studio': True}">
    <field name="complete_name" eval="False"/>
    <field name="compute" eval="False"/>
    <field name="copied" eval="False"/>
    <field name="depends" eval="False"/>
    <field name="domain">[]</field>
    <field name="field_description">Country</field>
    <field name="groups" eval="[(6, 0, [])]"/>
    <field name="help" eval="False"/>
    <field name="index" eval="False"/>
    <field name="model">x_county</field>
    <field name="model_id" ref="studio_customization.county_30a33146-3d0c-470e-998b-e612b45595a6"/>
    <field name="name">x_studio_country</field>
    <field name="on_delete">set null</field>
    <field name="readonly" eval="False"/>
    <field name="related" eval="False"/>
    <field name="relation">x_country</field>
    <field name="relation_field" eval="False"/>
    <field name="relation_table" eval="False"/>
    <field name="required" eval="False"/>
    <field name="selectable" eval="True"/>
    <field name="selection" eval="False"/>
    <field name="size" eval="False"/>
    <field name="state">manual</field>
    <field name="store" eval="True"/>
    <field name="tracking" eval="False"/>
    <field name="translate" eval="False"/>
    <field name="ttype">many2one</field>
  </record>
  <record id="studio_customization.new_html_country_a0f23d7b-9ae7-4f33-be30-d238077a3b44" model="ir.model.fields" context="{'studio': True}">
    <field name="complete_name" eval="False"/>
    <field name="compute" eval="False"/>
    <field name="copied" eval="False"/>
    <field name="depends" eval="False"/>
    <field name="domain">[]</field>
    <field name="field_description">Links</field>
    <field name="groups" eval="[(6, 0, [])]"/>
    <field name="help" eval="False"/>
    <field name="index" eval="False"/>
    <field name="model">x_country</field>
    <field name="model_id" ref="studio_customization.country_61bef620-6daf-4fc7-8d49-481efde9d688"/>
    <field name="name">x_studio_links</field>
    <field name="on_delete" eval="False"/>
    <field name="readonly" eval="False"/>
    <field name="related" eval="False"/>
    <field name="relation" eval="False"/>
    <field name="relation_field" eval="False"/>
    <field name="relation_table" eval="False"/>
    <field name="required" eval="False"/>
    <field name="selectable" eval="True"/>
    <field name="selection" eval="False"/>
    <field name="size" eval="False"/>
    <field name="state">manual</field>
    <field name="store" eval="True"/>
    <field name="tracking" eval="False"/>
    <field name="translate" eval="False"/>
    <field name="ttype">html</field>
  </record>
  <record id="studio_customization.new_image_country_e81fcafa-69ce-49fe-888a-220c3024d3a4" model="ir.model.fields" context="{'studio': True}">
    <field name="complete_name" eval="False"/>
    <field name="compute" eval="False"/>
    <field name="copied" eval="False"/>
    <field name="depends" eval="False"/>
    <field name="domain">[]</field>
    <field name="field_description">Flag</field>
    <field name="groups" eval="[(6, 0, [])]"/>
    <field name="help" eval="False"/>
    <field name="index" eval="False"/>
    <field name="model">x_country</field>
    <field name="model_id" ref="studio_customization.country_61bef620-6daf-4fc7-8d49-481efde9d688"/>
    <field name="name">x_studio_flag</field>
    <field name="on_delete" eval="False"/>
    <field name="readonly" eval="False"/>
    <field name="related" eval="False"/>
    <field name="relation" eval="False"/>
    <field name="relation_field" eval="False"/>
    <field name="relation_table" eval="False"/>
    <field name="required" eval="False"/>
    <field name="selectable" eval="True"/>
    <field name="selection" eval="False"/>
    <field name="size" eval="False"/>
    <field name="state">manual</field>
    <field name="store" eval="True"/>
    <field name="tracking" eval="False"/>
    <field name="translate" eval="False"/>
    <field name="ttype">binary</field>
  </record>
  <record id="studio_customization.new_related_field_co_5a9c37cb-6213-496a-9d15-b6c59b627dd6" model="ir.model.fields" context="{'studio': True}">
    <field name="complete_name" eval="False"/>
    <field name="compute" eval="False"/>
    <field name="copied" eval="False"/>
    <field name="depends" eval="False"/>
    <field name="domain">[]</field>
    <field name="field_description">Country ID</field>
    <field name="groups" eval="[(6, 0, [])]"/>
    <field name="help" eval="False"/>
    <field name="index" eval="False"/>
    <field name="model">x_country</field>
    <field name="model_id" ref="studio_customization.country_61bef620-6daf-4fc7-8d49-481efde9d688"/>
    <field name="name">x_studio_country_id</field>
    <field name="on_delete" eval="False"/>
    <field name="readonly" eval="True"/>
    <field name="related">x_studio_country.id</field>
    <field name="relation" eval="False"/>
    <field name="relation_field" eval="False"/>
    <field name="relation_table" eval="False"/>
    <field name="required" eval="False"/>
    <field name="selectable" eval="True"/>
    <field name="selection" eval="False"/>
    <field name="size" eval="False"/>
    <field name="state">manual</field>
    <field name="store" eval="True"/>
    <field name="tracking" eval="False"/>
    <field name="translate" eval="False"/>
    <field name="ttype">integer</field>
  </record>
  <record id="studio_customization.new_related_field_co_c4d31b21-6835-4a39-8169-c4106d04c815" model="ir.model.fields" context="{'studio': True}">
    <field name="complete_name" eval="False"/>
    <field name="compute" eval="False"/>
    <field name="copied" eval="False"/>
    <field name="depends" eval="False"/>
    <field name="domain">[]</field>
    <field name="field_description">Country Code</field>
    <field name="groups" eval="[(6, 0, [])]"/>
    <field name="help"><![CDATA[The ISO country code in two chars. 
You can use this field for quick search.]]></field>
    <field name="index" eval="False"/>
    <field name="model">x_country</field>
    <field name="model_id" ref="studio_customization.country_61bef620-6daf-4fc7-8d49-481efde9d688"/>
    <field name="name">x_studio_country_code</field>
    <field name="on_delete" eval="False"/>
    <field name="readonly" eval="True"/>
    <field name="related">x_studio_country.code</field>
    <field name="relation" eval="False"/>
    <field name="relation_field" eval="False"/>
    <field name="relation_table" eval="False"/>
    <field name="required" eval="False"/>
    <field name="selectable" eval="True"/>
    <field name="selection" eval="False"/>
    <field name="size">2</field>
    <field name="state">manual</field>
    <field name="store" eval="True"/>
    <field name="tracking" eval="False"/>
    <field name="translate" eval="False"/>
    <field name="ttype">char</field>
  </record>
  <record id="studio_customization.new_related_field_co_6b00b3df-ae08-4fdc-a523-6a37ec9777ce" model="ir.model.fields" context="{'studio': True}">
    <field name="complete_name" eval="False"/>
    <field name="compute" eval="False"/>
    <field name="copied" eval="False"/>
    <field name="depends" eval="False"/>
    <field name="domain">[]</field>
    <field name="field_description">Currency Code</field>
    <field name="groups" eval="[(6, 0, [])]"/>
    <field name="help"><![CDATA[Currency Code (ISO 4217)]]></field>
    <field name="index" eval="False"/>
    <field name="model">x_country</field>
    <field name="model_id" ref="studio_customization.country_61bef620-6daf-4fc7-8d49-481efde9d688"/>
    <field name="name">x_studio_currency_code</field>
    <field name="on_delete" eval="False"/>
    <field name="readonly" eval="True"/>
    <field name="related">x_studio_country.currency_id.name</field>
    <field name="relation" eval="False"/>
    <field name="relation_field" eval="False"/>
    <field name="relation_table" eval="False"/>
    <field name="required" eval="False"/>
    <field name="selectable" eval="True"/>
    <field name="selection" eval="False"/>
    <field name="size">3</field>
    <field name="state">manual</field>
    <field name="store" eval="True"/>
    <field name="tracking" eval="False"/>
    <field name="translate" eval="False"/>
    <field name="ttype">char</field>
  </record>
  <record id="studio_customization.new_related_field_co_a6b8230e-658b-4cc0-ba1b-f7e9db0ef80d" model="ir.model.fields" context="{'studio': True}">
    <field name="complete_name" eval="False"/>
    <field name="compute" eval="False"/>
    <field name="copied" eval="False"/>
    <field name="depends" eval="False"/>
    <field name="domain">[]</field>
    <field name="field_description">Currency</field>
    <field name="groups" eval="[(6, 0, [])]"/>
    <field name="help"><![CDATA[Currency Unit Name]]></field>
    <field name="index" eval="False"/>
    <field name="model">x_country</field>
    <field name="model_id" ref="studio_customization.country_61bef620-6daf-4fc7-8d49-481efde9d688"/>
    <field name="name">x_studio_currency</field>
    <field name="on_delete" eval="False"/>
    <field name="readonly" eval="True"/>
    <field name="related">x_studio_country.currency_id.currency_unit_label</field>
    <field name="relation" eval="False"/>
    <field name="relation_field" eval="False"/>
    <field name="relation_table" eval="False"/>
    <field name="required" eval="False"/>
    <field name="selectable" eval="True"/>
    <field name="selection" eval="False"/>
    <field name="size" eval="False"/>
    <field name="state">manual</field>
    <field name="store" eval="True"/>
    <field name="tracking" eval="False"/>
    <field name="translate" eval="False"/>
    <field name="ttype">char</field>
  </record>
  <record id="studio_customization.new_one2many_country_dbf64029-7f68-4788-bbf9-3a4463391562" model="ir.model.fields" context="{'studio': True}">
    <field name="complete_name" eval="False"/>
    <field name="compute" eval="False"/>
    <field name="copied" eval="False"/>
    <field name="depends" eval="False"/>
    <field name="domain">[]</field>
    <field name="field_description">County</field>
    <field name="groups" eval="[(6, 0, [])]"/>
    <field name="help" eval="False"/>
    <field name="index" eval="False"/>
    <field name="model">x_country</field>
    <field name="model_id" ref="studio_customization.country_61bef620-6daf-4fc7-8d49-481efde9d688"/>
    <field name="name">x_studio_county</field>
    <field name="on_delete" eval="False"/>
    <field name="readonly" eval="False"/>
    <field name="related" eval="False"/>
    <field name="relation">x_county</field>
    <field name="relation_field">x_studio_country</field>
    <field name="relation_table" eval="False"/>
    <field name="required" eval="False"/>
    <field name="selectable" eval="True"/>
    <field name="selection" eval="False"/>
    <field name="size" eval="False"/>
    <field name="state">manual</field>
    <field name="store" eval="True"/>
    <field name="tracking" eval="False"/>
    <field name="translate" eval="False"/>
    <field name="ttype">one2many</field>
  </record>
  <record id="studio_customization.city_country_fe6bc539-a969-4ec9-9e7b-32e23de3cb38" model="ir.model.fields" context="{'studio': True}">
    <field name="complete_name" eval="False"/>
    <field name="compute" eval="False"/>
    <field name="copied" eval="False"/>
    <field name="depends" eval="False"/>
    <field name="domain">[]</field>
    <field name="field_description">Capital</field>
    <field name="groups" eval="[(6, 0, [])]"/>
    <field name="help" eval="False"/>
    <field name="index" eval="False"/>
    <field name="model">x_country</field>
    <field name="model_id" ref="studio_customization.country_61bef620-6daf-4fc7-8d49-481efde9d688"/>
    <field name="name">x_studio_capital</field>
    <field name="on_delete">set null</field>
    <field name="readonly" eval="False"/>
    <field name="related" eval="False"/>
    <field name="relation">x_city</field>
    <field name="relation_field" eval="False"/>
    <field name="relation_table" eval="False"/>
    <field name="required" eval="False"/>
    <field name="selectable" eval="True"/>
    <field name="selection" eval="False"/>
    <field name="size" eval="False"/>
    <field name="state">manual</field>
    <field name="store" eval="True"/>
    <field name="tracking" eval="False"/>
    <field name="translate" eval="False"/>
    <field name="ttype">many2one</field>
  </record>
  <record id="studio_customization.new_html_county_9e3378a5-f42f-47ca-bab9-97e4fe1f9fee" model="ir.model.fields" context="{'studio': True}">
    <field name="complete_name" eval="False"/>
    <field name="compute" eval="False"/>
    <field name="copied" eval="False"/>
    <field name="depends" eval="False"/>
    <field name="domain">[]</field>
    <field name="field_description">Links</field>
    <field name="groups" eval="[(6, 0, [])]"/>
    <field name="help" eval="False"/>
    <field name="index" eval="False"/>
    <field name="model">x_county</field>
    <field name="model_id" ref="studio_customization.county_30a33146-3d0c-470e-998b-e612b45595a6"/>
    <field name="name">x_studio_links</field>
    <field name="on_delete" eval="False"/>
    <field name="readonly" eval="False"/>
    <field name="related" eval="False"/>
    <field name="relation" eval="False"/>
    <field name="relation_field" eval="False"/>
    <field name="relation_table" eval="False"/>
    <field name="required" eval="False"/>
    <field name="selectable" eval="True"/>
    <field name="selection" eval="False"/>
    <field name="size" eval="False"/>
    <field name="state">manual</field>
    <field name="store" eval="True"/>
    <field name="tracking" eval="False"/>
    <field name="translate" eval="False"/>
    <field name="ttype">html</field>
  </record>
  <record id="studio_customization.new_image_county_b6cef39b-8af2-4bcb-b2e5-56ccc7ecc399" model="ir.model.fields" context="{'studio': True}">
    <field name="complete_name" eval="False"/>
    <field name="compute" eval="False"/>
    <field name="copied" eval="False"/>
    <field name="depends" eval="False"/>
    <field name="domain">[]</field>
    <field name="field_description">Flag</field>
    <field name="groups" eval="[(6, 0, [])]"/>
    <field name="help" eval="False"/>
    <field name="index" eval="False"/>
    <field name="model">x_county</field>
    <field name="model_id" ref="studio_customization.county_30a33146-3d0c-470e-998b-e612b45595a6"/>
    <field name="name">x_studio_flag</field>
    <field name="on_delete" eval="False"/>
    <field name="readonly" eval="False"/>
    <field name="related" eval="False"/>
    <field name="relation" eval="False"/>
    <field name="relation_field" eval="False"/>
    <field name="relation_table" eval="False"/>
    <field name="required" eval="False"/>
    <field name="selectable" eval="True"/>
    <field name="selection" eval="False"/>
    <field name="size" eval="False"/>
    <field name="state">manual</field>
    <field name="store" eval="True"/>
    <field name="tracking" eval="False"/>
    <field name="translate" eval="False"/>
    <field name="ttype">binary</field>
  </record>
  <record id="studio_customization.city_county_12465f21-fc01-4af8-9ea6-810f33e84e22" model="ir.model.fields" context="{'studio': True}">
    <field name="complete_name" eval="False"/>
    <field name="compute" eval="False"/>
    <field name="copied" eval="False"/>
    <field name="depends" eval="False"/>
    <field name="domain">[]</field>
    <field name="field_description">Capital</field>
    <field name="groups" eval="[(6, 0, [])]"/>
    <field name="help" eval="False"/>
    <field name="index" eval="False"/>
    <field name="model">x_county</field>
    <field name="model_id" ref="studio_customization.county_30a33146-3d0c-470e-998b-e612b45595a6"/>
    <field name="name">x_studio_capital</field>
    <field name="on_delete">set null</field>
    <field name="readonly" eval="False"/>
    <field name="related" eval="False"/>
    <field name="relation">x_city</field>
    <field name="relation_field" eval="False"/>
    <field name="relation_table" eval="False"/>
    <field name="required" eval="False"/>
    <field name="selectable" eval="True"/>
    <field name="selection" eval="False"/>
    <field name="size" eval="False"/>
    <field name="state">manual</field>
    <field name="store" eval="True"/>
    <field name="tracking" eval="False"/>
    <field name="translate" eval="False"/>
    <field name="ttype">many2one</field>
  </record>
  <record id="studio_customization.county_city_e5c2d119-1c0f-48de-914d-8a6fccd53fa6" model="ir.model.fields" context="{'studio': True}">
    <field name="complete_name" eval="False"/>
    <field name="compute" eval="False"/>
    <field name="copied" eval="False"/>
    <field name="depends" eval="False"/>
    <field name="domain">[]</field>
    <field name="field_description">County</field>
    <field name="groups" eval="[(6, 0, [])]"/>
    <field name="help" eval="False"/>
    <field name="index" eval="False"/>
    <field name="model">x_city</field>
    <field name="model_id" ref="studio_customization.city_82d9f50f-029d-4324-84a3-bfdb9d153723"/>
    <field name="name">x_studio_county</field>
    <field name="on_delete">set null</field>
    <field name="readonly" eval="False"/>
    <field name="related" eval="False"/>
    <field name="relation">x_county</field>
    <field name="relation_field" eval="False"/>
    <field name="relation_table" eval="False"/>
    <field name="required" eval="False"/>
    <field name="selectable" eval="True"/>
    <field name="selection" eval="False"/>
    <field name="size" eval="False"/>
    <field name="state">manual</field>
    <field name="store" eval="True"/>
    <field name="tracking" eval="False"/>
    <field name="translate" eval="False"/>
    <field name="ttype">many2one</field>
  </record>
  <record id="studio_customization.new_one2many_county_64bedf8a-46ef-4e39-b4f2-81d702962a82" model="ir.model.fields" context="{'studio': True}">
    <field name="complete_name" eval="False"/>
    <field name="compute" eval="False"/>
    <field name="copied" eval="False"/>
    <field name="depends" eval="False"/>
    <field name="domain">[]</field>
    <field name="field_description">City</field>
    <field name="groups" eval="[(6, 0, [])]"/>
    <field name="help" eval="False"/>
    <field name="index" eval="False"/>
    <field name="model">x_county</field>
    <field name="model_id" ref="studio_customization.county_30a33146-3d0c-470e-998b-e612b45595a6"/>
    <field name="name">x_studio_city</field>
    <field name="on_delete" eval="False"/>
    <field name="readonly" eval="False"/>
    <field name="related" eval="False"/>
    <field name="relation">x_city</field>
    <field name="relation_field">x_studio_county</field>
    <field name="relation_table" eval="False"/>
    <field name="required" eval="False"/>
    <field name="selectable" eval="True"/>
    <field name="selection" eval="False"/>
    <field name="size" eval="False"/>
    <field name="state">manual</field>
    <field name="store" eval="True"/>
    <field name="tracking" eval="False"/>
    <field name="translate" eval="False"/>
    <field name="ttype">one2many</field>
  </record>
  <record id="studio_customization.new_html_city_6a850906-246a-4aad-9f1d-2fed3c69dd58" model="ir.model.fields" context="{'studio': True}">
    <field name="complete_name" eval="False"/>
    <field name="compute" eval="False"/>
    <field name="copied" eval="False"/>
    <field name="depends" eval="False"/>
    <field name="domain">[]</field>
    <field name="field_description">Links</field>
    <field name="groups" eval="[(6, 0, [])]"/>
    <field name="help" eval="False"/>
    <field name="index" eval="False"/>
    <field name="model">x_city</field>
    <field name="model_id" ref="studio_customization.city_82d9f50f-029d-4324-84a3-bfdb9d153723"/>
    <field name="name">x_studio_links</field>
    <field name="on_delete" eval="False"/>
    <field name="readonly" eval="False"/>
    <field name="related" eval="False"/>
    <field name="relation" eval="False"/>
    <field name="relation_field" eval="False"/>
    <field name="relation_table" eval="False"/>
    <field name="required" eval="False"/>
    <field name="selectable" eval="True"/>
    <field name="selection" eval="False"/>
    <field name="size" eval="False"/>
    <field name="state">manual</field>
    <field name="store" eval="True"/>
    <field name="tracking" eval="False"/>
    <field name="translate" eval="False"/>
    <field name="ttype">html</field>
  </record>
  <record id="studio_customization.name_sensus_33f1de3d-5337-4ee8-8d97-ee1ae0377ba3" model="ir.model.fields" context="{'studio': True}">
    <field name="complete_name" eval="False"/>
    <field name="compute" eval="False"/>
    <field name="copied" eval="False"/>
    <field name="depends" eval="False"/>
    <field name="domain">[]</field>
    <field name="field_description">Name</field>
    <field name="groups" eval="[(6, 0, [])]"/>
    <field name="help" eval="False"/>
    <field name="index" eval="False"/>
    <field name="model">x_sensus</field>
    <field name="model_id" ref="studio_customization.sensus_5284d04c-805f-451f-9371-b34dbbe80582"/>
    <field name="name">x_name</field>
    <field name="on_delete" eval="False"/>
    <field name="readonly" eval="False"/>
    <field name="related" eval="False"/>
    <field name="relation" eval="False"/>
    <field name="relation_field" eval="False"/>
    <field name="relation_table" eval="False"/>
    <field name="required" eval="False"/>
    <field name="selectable" eval="True"/>
    <field name="selection" eval="False"/>
    <field name="size" eval="False"/>
    <field name="state">manual</field>
    <field name="store" eval="True"/>
    <field name="tracking" eval="False"/>
    <field name="translate" eval="False"/>
    <field name="ttype">char</field>
  </record>
  <record id="studio_customization.county_sensus_86e4ba01-c05b-4a2b-9e8a-1360b01d8e5c" model="ir.model.fields" context="{'studio': True}">
    <field name="complete_name" eval="False"/>
    <field name="compute" eval="False"/>
    <field name="copied" eval="False"/>
    <field name="depends" eval="False"/>
    <field name="domain">[]</field>
    <field name="field_description">County</field>
    <field name="groups" eval="[(6, 0, [])]"/>
    <field name="help" eval="False"/>
    <field name="index" eval="False"/>
    <field name="model">x_sensus</field>
    <field name="model_id" ref="studio_customization.sensus_5284d04c-805f-451f-9371-b34dbbe80582"/>
    <field name="name">x_studio_county</field>
    <field name="on_delete">set null</field>
    <field name="readonly" eval="False"/>
    <field name="related" eval="False"/>
    <field name="relation">x_county</field>
    <field name="relation_field" eval="False"/>
    <field name="relation_table" eval="False"/>
    <field name="required" eval="False"/>
    <field name="selectable" eval="True"/>
    <field name="selection" eval="False"/>
    <field name="size" eval="False"/>
    <field name="state">manual</field>
    <field name="store" eval="True"/>
    <field name="tracking" eval="False"/>
    <field name="translate" eval="False"/>
    <field name="ttype">many2one</field>
  </record>
  <record id="studio_customization.new_integer_sensus_6f9fba76-855d-459b-9bc9-6a6652d5f22a" model="ir.model.fields" context="{'studio': True}">
    <field name="complete_name" eval="False"/>
    <field name="compute" eval="False"/>
    <field name="copied" eval="False"/>
    <field name="depends" eval="False"/>
    <field name="domain">[]</field>
    <field name="field_description">Male</field>
    <field name="groups" eval="[(6, 0, [])]"/>
    <field name="help" eval="False"/>
    <field name="index" eval="False"/>
    <field name="model">x_sensus</field>
    <field name="model_id" ref="studio_customization.sensus_5284d04c-805f-451f-9371-b34dbbe80582"/>
    <field name="name">x_studio_male</field>
    <field name="on_delete" eval="False"/>
    <field name="readonly" eval="False"/>
    <field name="related" eval="False"/>
    <field name="relation" eval="False"/>
    <field name="relation_field" eval="False"/>
    <field name="relation_table" eval="False"/>
    <field name="required" eval="False"/>
    <field name="selectable" eval="True"/>
    <field name="selection" eval="False"/>
    <field name="size" eval="False"/>
    <field name="state">manual</field>
    <field name="store" eval="True"/>
    <field name="tracking" eval="False"/>
    <field name="translate" eval="False"/>
    <field name="ttype">integer</field>
  </record>
  <record id="studio_customization.new_integer_sensus_40b07981-14aa-4a5d-ba7b-c3d7963d1ec7" model="ir.model.fields" context="{'studio': True}">
    <field name="complete_name" eval="False"/>
    <field name="compute" eval="False"/>
    <field name="copied" eval="False"/>
    <field name="depends" eval="False"/>
    <field name="domain">[]</field>
    <field name="field_description">Female</field>
    <field name="groups" eval="[(6, 0, [])]"/>
    <field name="help" eval="False"/>
    <field name="index" eval="False"/>
    <field name="model">x_sensus</field>
    <field name="model_id" ref="studio_customization.sensus_5284d04c-805f-451f-9371-b34dbbe80582"/>
    <field name="name">x_studio_female</field>
    <field name="on_delete" eval="False"/>
    <field name="readonly" eval="False"/>
    <field name="related" eval="False"/>
    <field name="relation" eval="False"/>
    <field name="relation_field" eval="False"/>
    <field name="relation_table" eval="False"/>
    <field name="required" eval="False"/>
    <field name="selectable" eval="True"/>
    <field name="selection" eval="False"/>
    <field name="size" eval="False"/>
    <field name="state">manual</field>
    <field name="store" eval="True"/>
    <field name="tracking" eval="False"/>
    <field name="translate" eval="False"/>
    <field name="ttype">integer</field>
  </record>
  <record id="studio_customization.new_integer_sensus_c970961a-741e-4305-9fe5-4b12efc57e47" model="ir.model.fields" context="{'studio': True}">
    <field name="complete_name" eval="False"/>
    <field name="compute" eval="False"/>
    <field name="copied" eval="False"/>
    <field name="depends" eval="False"/>
    <field name="domain">[]</field>
    <field name="field_description">Intersex</field>
    <field name="groups" eval="[(6, 0, [])]"/>
    <field name="help" eval="False"/>
    <field name="index" eval="False"/>
    <field name="model">x_sensus</field>
    <field name="model_id" ref="studio_customization.sensus_5284d04c-805f-451f-9371-b34dbbe80582"/>
    <field name="name">x_studio_intersex</field>
    <field name="on_delete" eval="False"/>
    <field name="readonly" eval="False"/>
    <field name="related" eval="False"/>
    <field name="relation" eval="False"/>
    <field name="relation_field" eval="False"/>
    <field name="relation_table" eval="False"/>
    <field name="required" eval="False"/>
    <field name="selectable" eval="True"/>
    <field name="selection" eval="False"/>
    <field name="size" eval="False"/>
    <field name="state">manual</field>
    <field name="store" eval="True"/>
    <field name="tracking" eval="False"/>
    <field name="translate" eval="False"/>
    <field name="ttype">integer</field>
  </record>
  <record id="studio_customization.new_integer_sensus_e5a68e2f-6dbd-4c4f-84c9-ce417cd048e0" model="ir.model.fields" context="{'studio': True}">
    <field name="complete_name" eval="False"/>
    <field name="compute" eval="False"/>
    <field name="copied" eval="False"/>
    <field name="depends" eval="False"/>
    <field name="domain">[]</field>
    <field name="field_description">Households</field>
    <field name="groups" eval="[(6, 0, [])]"/>
    <field name="help" eval="False"/>
    <field name="index" eval="False"/>
    <field name="model">x_sensus</field>
    <field name="model_id" ref="studio_customization.sensus_5284d04c-805f-451f-9371-b34dbbe80582"/>
    <field name="name">x_studio_households</field>
    <field name="on_delete" eval="False"/>
    <field name="readonly" eval="False"/>
    <field name="related" eval="False"/>
    <field name="relation" eval="False"/>
    <field name="relation_field" eval="False"/>
    <field name="relation_table" eval="False"/>
    <field name="required" eval="False"/>
    <field name="selectable" eval="True"/>
    <field name="selection" eval="False"/>
    <field name="size" eval="False"/>
    <field name="state">manual</field>
    <field name="store" eval="True"/>
    <field name="tracking" eval="False"/>
    <field name="translate" eval="False"/>
    <field name="ttype">integer</field>
  </record>
  <record id="studio_customization.new_decimal_sensus_d2e5f938-3bb5-4a00-b4f2-de5d4bad8f0f" model="ir.model.fields" context="{'studio': True}">
    <field name="complete_name" eval="False"/>
    <field name="compute" eval="False"/>
    <field name="copied" eval="False"/>
    <field name="depends" eval="False"/>
    <field name="domain">[]</field>
    <field name="field_description">Land Area (Sq. Km)</field>
    <field name="groups" eval="[(6, 0, [])]"/>
    <field name="help" eval="False"/>
    <field name="index" eval="False"/>
    <field name="model">x_sensus</field>
    <field name="model_id" ref="studio_customization.sensus_5284d04c-805f-451f-9371-b34dbbe80582"/>
    <field name="name">x_studio_land_area_sq_km</field>
    <field name="on_delete" eval="False"/>
    <field name="readonly" eval="False"/>
    <field name="related" eval="False"/>
    <field name="relation" eval="False"/>
    <field name="relation_field" eval="False"/>
    <field name="relation_table" eval="False"/>
    <field name="required" eval="False"/>
    <field name="selectable" eval="True"/>
    <field name="selection" eval="False"/>
    <field name="size" eval="False"/>
    <field name="state">manual</field>
    <field name="store" eval="True"/>
    <field name="tracking" eval="False"/>
    <field name="translate" eval="False"/>
    <field name="ttype">float</field>
  </record>
  <record id="studio_customization.new_integer_sensus_62ffe2c2-3c61-4948-a64f-7b5ae34412d6" model="ir.model.fields" context="{'studio': True}">
    <field name="complete_name" eval="False"/>
    <field name="compute"><![CDATA[for record in self:
        record['x_studio_population'] = record['x_studio_male'] + record['x_studio_female'] + record['x_studio_intersex']]]></field>
    <field name="copied" eval="False"/>
    <field name="depends">x_studio_male, x_studio_population, x_studio_female, x_studio_intersex</field>
    <field name="domain">[]</field>
    <field name="field_description">Population</field>
    <field name="groups" eval="[(6, 0, [])]"/>
    <field name="help" eval="False"/>
    <field name="index" eval="False"/>
    <field name="model">x_sensus</field>
    <field name="model_id" ref="studio_customization.sensus_5284d04c-805f-451f-9371-b34dbbe80582"/>
    <field name="name">x_studio_population</field>
    <field name="on_delete" eval="False"/>
    <field name="readonly" eval="True"/>
    <field name="related" eval="False"/>
    <field name="relation" eval="False"/>
    <field name="relation_field" eval="False"/>
    <field name="relation_table" eval="False"/>
    <field name="required" eval="False"/>
    <field name="selectable" eval="True"/>
    <field name="selection" eval="False"/>
    <field name="size" eval="False"/>
    <field name="state">manual</field>
    <field name="store" eval="True"/>
    <field name="tracking" eval="False"/>
    <field name="translate" eval="False"/>
    <field name="ttype">integer</field>
  </record>
  <record id="studio_customization.new_decimal_sensus_5d09d22a-3599-4210-b9d6-83994c8e85a3" model="ir.model.fields" context="{'studio': True}">
    <field name="complete_name" eval="False"/>
    <field name="compute"><![CDATA[for record in self:
        if record['x_studio_households'] !=0 : record['x_studio_average_households'] = record['x_studio_population'] / record['x_studio_households']]]></field>
    <field name="copied" eval="False"/>
    <field name="depends">x_studio_population, x_studio_households, x_studio_average_households</field>
    <field name="domain">[]</field>
    <field name="field_description">Average Households</field>
    <field name="groups" eval="[(6, 0, [])]"/>
    <field name="help" eval="False"/>
    <field name="index" eval="False"/>
    <field name="model">x_sensus</field>
    <field name="model_id" ref="studio_customization.sensus_5284d04c-805f-451f-9371-b34dbbe80582"/>
    <field name="name">x_studio_average_households</field>
    <field name="on_delete" eval="False"/>
    <field name="readonly" eval="True"/>
    <field name="related" eval="False"/>
    <field name="relation" eval="False"/>
    <field name="relation_field" eval="False"/>
    <field name="relation_table" eval="False"/>
    <field name="required" eval="False"/>
    <field name="selectable" eval="True"/>
    <field name="selection" eval="False"/>
    <field name="size" eval="False"/>
    <field name="state">manual</field>
    <field name="store" eval="True"/>
    <field name="tracking" eval="False"/>
    <field name="translate" eval="False"/>
    <field name="ttype">float</field>
  </record>
  <record id="studio_customization.new_integer_sensus_d2e20403-ca3a-4865-b7dc-ddd7f933a485" model="ir.model.fields" context="{'studio': True}">
    <field name="complete_name" eval="False"/>
    <field name="compute"><![CDATA[for record in self:
        if record['x_studio_land_area_sq_km'] !=0 : record['x_studio_population_density'] = record['x_studio_population'] / record['x_studio_land_area_sq_km']]]></field>
    <field name="copied" eval="False"/>
    <field name="depends">x_studio_population_density, x_studio_population, x_studio_land_area_sq_km</field>
    <field name="domain">[]</field>
    <field name="field_description">Population Density</field>
    <field name="groups" eval="[(6, 0, [])]"/>
    <field name="help" eval="False"/>
    <field name="index" eval="False"/>
    <field name="model">x_sensus</field>
    <field name="model_id" ref="studio_customization.sensus_5284d04c-805f-451f-9371-b34dbbe80582"/>
    <field name="name">x_studio_population_density</field>
    <field name="on_delete" eval="False"/>
    <field name="readonly" eval="True"/>
    <field name="related" eval="False"/>
    <field name="relation" eval="False"/>
    <field name="relation_field" eval="False"/>
    <field name="relation_table" eval="False"/>
    <field name="required" eval="False"/>
    <field name="selectable" eval="True"/>
    <field name="selection" eval="False"/>
    <field name="size" eval="False"/>
    <field name="state">manual</field>
    <field name="store" eval="True"/>
    <field name="tracking" eval="False"/>
    <field name="translate" eval="False"/>
    <field name="ttype">integer</field>
  </record>
  <record id="studio_customization.sensus_county_e19a5032-0e29-40f6-9ce1-414d0c98be01" model="ir.model.fields" context="{'studio': True}">
    <field name="complete_name" eval="False"/>
    <field name="compute" eval="False"/>
    <field name="copied" eval="False"/>
    <field name="depends" eval="False"/>
    <field name="domain">[]</field>
    <field name="field_description">Sensus</field>
    <field name="groups" eval="[(6, 0, [])]"/>
    <field name="help" eval="False"/>
    <field name="index" eval="False"/>
    <field name="model">x_county</field>
    <field name="model_id" ref="studio_customization.county_30a33146-3d0c-470e-998b-e612b45595a6"/>
    <field name="name">x_studio_sensus</field>
    <field name="on_delete">set null</field>
    <field name="readonly" eval="False"/>
    <field name="related" eval="False"/>
    <field name="relation">x_sensus</field>
    <field name="relation_field" eval="False"/>
    <field name="relation_table" eval="False"/>
    <field name="required" eval="False"/>
    <field name="selectable" eval="True"/>
    <field name="selection" eval="False"/>
    <field name="size" eval="False"/>
    <field name="state">manual</field>
    <field name="store" eval="True"/>
    <field name="tracking" eval="False"/>
    <field name="translate" eval="False"/>
    <field name="ttype">many2one</field>
  </record>
  <record id="studio_customization.new_related_field_co_42863310-1ae5-4a09-a3fa-1c1626b59674" model="ir.model.fields" context="{'studio': True}">
    <field name="complete_name" eval="False"/>
    <field name="compute" eval="False"/>
    <field name="copied" eval="False"/>
    <field name="depends" eval="False"/>
    <field name="domain">[]</field>
    <field name="field_description">Male</field>
    <field name="groups" eval="[(6, 0, [])]"/>
    <field name="help" eval="False"/>
    <field name="index" eval="False"/>
    <field name="model">x_county</field>
    <field name="model_id" ref="studio_customization.county_30a33146-3d0c-470e-998b-e612b45595a6"/>
    <field name="name">x_studio_male</field>
    <field name="on_delete" eval="False"/>
    <field name="readonly" eval="True"/>
    <field name="related">x_studio_sensus.x_studio_male</field>
    <field name="relation" eval="False"/>
    <field name="relation_field" eval="False"/>
    <field name="relation_table" eval="False"/>
    <field name="required" eval="False"/>
    <field name="selectable" eval="True"/>
    <field name="selection" eval="False"/>
    <field name="size" eval="False"/>
    <field name="state">manual</field>
    <field name="store" eval="True"/>
    <field name="tracking" eval="False"/>
    <field name="translate" eval="False"/>
    <field name="ttype">integer</field>
  </record>
  <record id="studio_customization.new_related_field_co_e82ae120-1bc7-4c6e-b940-5ebaff5f2847" model="ir.model.fields" context="{'studio': True}">
    <field name="complete_name" eval="False"/>
    <field name="compute" eval="False"/>
    <field name="copied" eval="False"/>
    <field name="depends" eval="False"/>
    <field name="domain">[]</field>
    <field name="field_description">Female</field>
    <field name="groups" eval="[(6, 0, [])]"/>
    <field name="help" eval="False"/>
    <field name="index" eval="False"/>
    <field name="model">x_county</field>
    <field name="model_id" ref="studio_customization.county_30a33146-3d0c-470e-998b-e612b45595a6"/>
    <field name="name">x_studio_female</field>
    <field name="on_delete" eval="False"/>
    <field name="readonly" eval="True"/>
    <field name="related">x_studio_sensus.x_studio_female</field>
    <field name="relation" eval="False"/>
    <field name="relation_field" eval="False"/>
    <field name="relation_table" eval="False"/>
    <field name="required" eval="False"/>
    <field name="selectable" eval="True"/>
    <field name="selection" eval="False"/>
    <field name="size" eval="False"/>
    <field name="state">manual</field>
    <field name="store" eval="True"/>
    <field name="tracking" eval="False"/>
    <field name="translate" eval="False"/>
    <field name="ttype">integer</field>
  </record>
  <record id="studio_customization.new_related_field_co_38560b06-2bcf-45bc-83ca-8e56578e90a6" model="ir.model.fields" context="{'studio': True}">
    <field name="complete_name" eval="False"/>
    <field name="compute" eval="False"/>
    <field name="copied" eval="False"/>
    <field name="depends" eval="False"/>
    <field name="domain">[]</field>
    <field name="field_description">Intersex</field>
    <field name="groups" eval="[(6, 0, [])]"/>
    <field name="help" eval="False"/>
    <field name="index" eval="False"/>
    <field name="model">x_county</field>
    <field name="model_id" ref="studio_customization.county_30a33146-3d0c-470e-998b-e612b45595a6"/>
    <field name="name">x_studio_intersex</field>
    <field name="on_delete" eval="False"/>
    <field name="readonly" eval="True"/>
    <field name="related">x_studio_sensus.x_studio_intersex</field>
    <field name="relation" eval="False"/>
    <field name="relation_field" eval="False"/>
    <field name="relation_table" eval="False"/>
    <field name="required" eval="False"/>
    <field name="selectable" eval="True"/>
    <field name="selection" eval="False"/>
    <field name="size" eval="False"/>
    <field name="state">manual</field>
    <field name="store" eval="True"/>
    <field name="tracking" eval="False"/>
    <field name="translate" eval="False"/>
    <field name="ttype">integer</field>
  </record>
  <record id="studio_customization.new_related_field_co_79ffd9a8-d80d-4726-a3fd-0540dfaa7470" model="ir.model.fields" context="{'studio': True}">
    <field name="complete_name" eval="False"/>
    <field name="compute" eval="False"/>
    <field name="copied" eval="False"/>
    <field name="depends" eval="False"/>
    <field name="domain">[]</field>
    <field name="field_description">Population</field>
    <field name="groups" eval="[(6, 0, [])]"/>
    <field name="help" eval="False"/>
    <field name="index" eval="False"/>
    <field name="model">x_county</field>
    <field name="model_id" ref="studio_customization.county_30a33146-3d0c-470e-998b-e612b45595a6"/>
    <field name="name">x_studio_population</field>
    <field name="on_delete" eval="False"/>
    <field name="readonly" eval="True"/>
    <field name="related">x_studio_sensus.x_studio_population</field>
    <field name="relation" eval="False"/>
    <field name="relation_field" eval="False"/>
    <field name="relation_table" eval="False"/>
    <field name="required" eval="False"/>
    <field name="selectable" eval="True"/>
    <field name="selection" eval="False"/>
    <field name="size" eval="False"/>
    <field name="state">manual</field>
    <field name="store" eval="True"/>
    <field name="tracking" eval="False"/>
    <field name="translate" eval="False"/>
    <field name="ttype">integer</field>
  </record>
  <record id="studio_customization.new_related_field_co_c4a66feb-f7d7-44cc-80f8-bfb175130e23" model="ir.model.fields" context="{'studio': True}">
    <field name="complete_name" eval="False"/>
    <field name="compute" eval="False"/>
    <field name="copied" eval="False"/>
    <field name="depends" eval="False"/>
    <field name="domain">[]</field>
    <field name="field_description">Households</field>
    <field name="groups" eval="[(6, 0, [])]"/>
    <field name="help" eval="False"/>
    <field name="index" eval="False"/>
    <field name="model">x_county</field>
    <field name="model_id" ref="studio_customization.county_30a33146-3d0c-470e-998b-e612b45595a6"/>
    <field name="name">x_studio_households</field>
    <field name="on_delete" eval="False"/>
    <field name="readonly" eval="True"/>
    <field name="related">x_studio_sensus.x_studio_households</field>
    <field name="relation" eval="False"/>
    <field name="relation_field" eval="False"/>
    <field name="relation_table" eval="False"/>
    <field name="required" eval="False"/>
    <field name="selectable" eval="True"/>
    <field name="selection" eval="False"/>
    <field name="size" eval="False"/>
    <field name="state">manual</field>
    <field name="store" eval="True"/>
    <field name="tracking" eval="False"/>
    <field name="translate" eval="False"/>
    <field name="ttype">integer</field>
  </record>
  <record id="studio_customization.new_related_field_co_880555a2-cf81-475d-a2c6-3d709d01c37c" model="ir.model.fields" context="{'studio': True}">
    <field name="complete_name" eval="False"/>
    <field name="compute" eval="False"/>
    <field name="copied" eval="False"/>
    <field name="depends" eval="False"/>
    <field name="domain">[]</field>
    <field name="field_description">Average Households</field>
    <field name="groups" eval="[(6, 0, [])]"/>
    <field name="help" eval="False"/>
    <field name="index" eval="False"/>
    <field name="model">x_county</field>
    <field name="model_id" ref="studio_customization.county_30a33146-3d0c-470e-998b-e612b45595a6"/>
    <field name="name">x_studio_average_households</field>
    <field name="on_delete" eval="False"/>
    <field name="readonly" eval="True"/>
    <field name="related">x_studio_sensus.x_studio_average_households</field>
    <field name="relation" eval="False"/>
    <field name="relation_field" eval="False"/>
    <field name="relation_table" eval="False"/>
    <field name="required" eval="False"/>
    <field name="selectable" eval="True"/>
    <field name="selection" eval="False"/>
    <field name="size" eval="False"/>
    <field name="state">manual</field>
    <field name="store" eval="True"/>
    <field name="tracking" eval="False"/>
    <field name="translate" eval="False"/>
    <field name="ttype">float</field>
  </record>
  <record id="studio_customization.new_related_field_co_0a67262b-e9b9-43d9-bb67-4613c1cfd66d" model="ir.model.fields" context="{'studio': True}">
    <field name="complete_name" eval="False"/>
    <field name="compute" eval="False"/>
    <field name="copied" eval="False"/>
    <field name="depends" eval="False"/>
    <field name="domain">[]</field>
    <field name="field_description">Land Area (Sq. Km)</field>
    <field name="groups" eval="[(6, 0, [])]"/>
    <field name="help" eval="False"/>
    <field name="index" eval="False"/>
    <field name="model">x_county</field>
    <field name="model_id" ref="studio_customization.county_30a33146-3d0c-470e-998b-e612b45595a6"/>
    <field name="name">x_studio_land_area_sq_km</field>
    <field name="on_delete" eval="False"/>
    <field name="readonly" eval="True"/>
    <field name="related">x_studio_sensus.x_studio_land_area_sq_km</field>
    <field name="relation" eval="False"/>
    <field name="relation_field" eval="False"/>
    <field name="relation_table" eval="False"/>
    <field name="required" eval="False"/>
    <field name="selectable" eval="True"/>
    <field name="selection" eval="False"/>
    <field name="size" eval="False"/>
    <field name="state">manual</field>
    <field name="store" eval="True"/>
    <field name="tracking" eval="False"/>
    <field name="translate" eval="False"/>
    <field name="ttype">float</field>
  </record>
  <record id="studio_customization.new_related_field_co_a08b21d5-97b7-47e1-9f81-36a1c7ecd79b" model="ir.model.fields" context="{'studio': True}">
    <field name="complete_name" eval="False"/>
    <field name="compute" eval="False"/>
    <field name="copied" eval="False"/>
    <field name="depends" eval="False"/>
    <field name="domain">[]</field>
    <field name="field_description">Population Density</field>
    <field name="groups" eval="[(6, 0, [])]"/>
    <field name="help" eval="False"/>
    <field name="index" eval="False"/>
    <field name="model">x_county</field>
    <field name="model_id" ref="studio_customization.county_30a33146-3d0c-470e-998b-e612b45595a6"/>
    <field name="name">x_studio_population_density</field>
    <field name="on_delete" eval="False"/>
    <field name="readonly" eval="True"/>
    <field name="related">x_studio_sensus.x_studio_population_density</field>
    <field name="relation" eval="False"/>
    <field name="relation_field" eval="False"/>
    <field name="relation_table" eval="False"/>
    <field name="required" eval="False"/>
    <field name="selectable" eval="True"/>
    <field name="selection" eval="False"/>
    <field name="size" eval="False"/>
    <field name="state">manual</field>
    <field name="store" eval="True"/>
    <field name="tracking" eval="False"/>
    <field name="translate" eval="False"/>
    <field name="ttype">integer</field>
  </record>
  <record id="studio_customization.name_point_of_intere_86902307-6c29-4a08-905c-91a96e12373b" model="ir.model.fields" context="{'studio': True}">
    <field name="complete_name" eval="False"/>
    <field name="compute" eval="False"/>
    <field name="copied" eval="False"/>
    <field name="depends" eval="False"/>
    <field name="domain">[]</field>
    <field name="field_description">Name</field>
    <field name="groups" eval="[(6, 0, [])]"/>
    <field name="help" eval="False"/>
    <field name="index" eval="False"/>
    <field name="model">x_point_of_interest</field>
    <field name="model_id" ref="studio_customization.point_of_interest_2b129c97-4e88-4d67-ba17-77bfc95f78f5"/>
    <field name="name">x_name</field>
    <field name="on_delete" eval="False"/>
    <field name="readonly" eval="False"/>
    <field name="related" eval="False"/>
    <field name="relation" eval="False"/>
    <field name="relation_field" eval="False"/>
    <field name="relation_table" eval="False"/>
    <field name="required" eval="False"/>
    <field name="selectable" eval="True"/>
    <field name="selection" eval="False"/>
    <field name="size" eval="False"/>
    <field name="state">manual</field>
    <field name="store" eval="True"/>
    <field name="tracking" eval="False"/>
    <field name="translate" eval="False"/>
    <field name="ttype">char</field>
  </record>
  <record id="studio_customization.county_point_of_inte_5c51e34e-2853-4941-a429-e01fa2820555" model="ir.model.fields" context="{'studio': True}">
    <field name="complete_name" eval="False"/>
    <field name="compute" eval="False"/>
    <field name="copied" eval="False"/>
    <field name="depends" eval="False"/>
    <field name="domain">[]</field>
    <field name="field_description">County</field>
    <field name="groups" eval="[(6, 0, [])]"/>
    <field name="help" eval="False"/>
    <field name="index" eval="False"/>
    <field name="model">x_point_of_interest</field>
    <field name="model_id" ref="studio_customization.point_of_interest_2b129c97-4e88-4d67-ba17-77bfc95f78f5"/>
    <field name="name">x_studio_county</field>
    <field name="on_delete">set null</field>
    <field name="readonly" eval="False"/>
    <field name="related" eval="False"/>
    <field name="relation">x_county</field>
    <field name="relation_field" eval="False"/>
    <field name="relation_table" eval="False"/>
    <field name="required" eval="False"/>
    <field name="selectable" eval="True"/>
    <field name="selection" eval="False"/>
    <field name="size" eval="False"/>
    <field name="state">manual</field>
    <field name="store" eval="True"/>
    <field name="tracking" eval="False"/>
    <field name="translate" eval="False"/>
    <field name="ttype">many2one</field>
  </record>
  <record id="studio_customization.new_html_point_of_in_3bc74fe3-f241-487e-9269-1825d5c57ca0" model="ir.model.fields" context="{'studio': True}">
    <field name="complete_name" eval="False"/>
    <field name="compute" eval="False"/>
    <field name="copied" eval="False"/>
    <field name="depends" eval="False"/>
    <field name="domain">[]</field>
    <field name="field_description">Links</field>
    <field name="groups" eval="[(6, 0, [])]"/>
    <field name="help" eval="False"/>
    <field name="index" eval="False"/>
    <field name="model">x_point_of_interest</field>
    <field name="model_id" ref="studio_customization.point_of_interest_2b129c97-4e88-4d67-ba17-77bfc95f78f5"/>
    <field name="name">x_studio_links</field>
    <field name="on_delete" eval="False"/>
    <field name="readonly" eval="False"/>
    <field name="related" eval="False"/>
    <field name="relation" eval="False"/>
    <field name="relation_field" eval="False"/>
    <field name="relation_table" eval="False"/>
    <field name="required" eval="False"/>
    <field name="selectable" eval="True"/>
    <field name="selection" eval="False"/>
    <field name="size" eval="False"/>
    <field name="state">manual</field>
    <field name="store" eval="True"/>
    <field name="tracking" eval="False"/>
    <field name="translate" eval="False"/>
    <field name="ttype">html</field>
  </record>
  <record id="studio_customization.country_point_of_int_bbbe1e80-5bf8-448c-8646-9c601d8cbd9b" model="ir.model.fields" context="{'studio': True}">
    <field name="complete_name" eval="False"/>
    <field name="compute" eval="False"/>
    <field name="copied" eval="False"/>
    <field name="depends" eval="False"/>
    <field name="domain">[]</field>
    <field name="field_description">Country</field>
    <field name="groups" eval="[(6, 0, [])]"/>
    <field name="help" eval="False"/>
    <field name="index" eval="False"/>
    <field name="model">x_point_of_interest</field>
    <field name="model_id" ref="studio_customization.point_of_interest_2b129c97-4e88-4d67-ba17-77bfc95f78f5"/>
    <field name="name">x_studio_country</field>
    <field name="on_delete">set null</field>
    <field name="readonly" eval="False"/>
    <field name="related" eval="False"/>
    <field name="relation">x_country</field>
    <field name="relation_field" eval="False"/>
    <field name="relation_table" eval="False"/>
    <field name="required" eval="False"/>
    <field name="selectable" eval="True"/>
    <field name="selection" eval="False"/>
    <field name="size" eval="False"/>
    <field name="state">manual</field>
    <field name="store" eval="True"/>
    <field name="tracking" eval="False"/>
    <field name="translate" eval="False"/>
    <field name="ttype">many2one</field>
  </record>
  <record id="studio_customization.name_county_group_0f9532f4-f4fb-4de2-9d61-e0fb160dd644" model="ir.model.fields" context="{'studio': True}">
    <field name="complete_name" eval="False"/>
    <field name="compute" eval="False"/>
    <field name="copied" eval="False"/>
    <field name="depends" eval="False"/>
    <field name="domain">[]</field>
    <field name="field_description">County Name</field>
    <field name="groups" eval="[(6, 0, [])]"/>
    <field name="help" eval="False"/>
    <field name="index" eval="False"/>
    <field name="model">x_county_group</field>
    <field name="model_id" ref="studio_customization.county_group_c89e7720-8f7d-4e48-9ac6-219a75280967"/>
    <field name="name">x_name</field>
    <field name="on_delete" eval="False"/>
    <field name="readonly" eval="False"/>
    <field name="related" eval="False"/>
    <field name="relation" eval="False"/>
    <field name="relation_field" eval="False"/>
    <field name="relation_table" eval="False"/>
    <field name="required" eval="False"/>
    <field name="selectable" eval="True"/>
    <field name="selection" eval="False"/>
    <field name="size" eval="False"/>
    <field name="state">manual</field>
    <field name="store" eval="True"/>
    <field name="tracking" eval="False"/>
    <field name="translate" eval="False"/>
    <field name="ttype">char</field>
  </record>
  <record id="studio_customization.country_county_group_63eeec65-d461-4108-9a27-4e0a6b4927c0" model="ir.model.fields" context="{'studio': True}">
    <field name="complete_name" eval="False"/>
    <field name="compute" eval="False"/>
    <field name="copied" eval="False"/>
    <field name="depends" eval="False"/>
    <field name="domain">[]</field>
    <field name="field_description">Country</field>
    <field name="groups" eval="[(6, 0, [])]"/>
    <field name="help" eval="False"/>
    <field name="index" eval="False"/>
    <field name="model">x_county_group</field>
    <field name="model_id" ref="studio_customization.county_group_c89e7720-8f7d-4e48-9ac6-219a75280967"/>
    <field name="name">x_studio_country</field>
    <field name="on_delete">set null</field>
    <field name="readonly" eval="False"/>
    <field name="related" eval="False"/>
    <field name="relation">x_country</field>
    <field name="relation_field" eval="False"/>
    <field name="relation_table" eval="False"/>
    <field name="required" eval="False"/>
    <field name="selectable" eval="True"/>
    <field name="selection" eval="False"/>
    <field name="size" eval="False"/>
    <field name="state">manual</field>
    <field name="store" eval="True"/>
    <field name="tracking" eval="False"/>
    <field name="translate" eval="False"/>
    <field name="ttype">many2one</field>
  </record>
  <record id="studio_customization.name_county_group_de_21f7446d-59f9-477a-8fcb-d7f875404edd" model="ir.model.fields" context="{'studio': True}">
    <field name="complete_name" eval="False"/>
    <field name="compute" eval="False"/>
    <field name="copied" eval="False"/>
    <field name="depends" eval="False"/>
    <field name="domain">[]</field>
    <field name="field_description">Name</field>
    <field name="groups" eval="[(6, 0, [])]"/>
    <field name="help" eval="False"/>
    <field name="index" eval="False"/>
    <field name="model">x_county_group_detail</field>
    <field name="model_id" ref="studio_customization.county_group_detail_4e79bba2-a6c3-434e-831c-7aa5e4968e6d"/>
    <field name="name">x_name</field>
    <field name="on_delete" eval="False"/>
    <field name="readonly" eval="False"/>
    <field name="related" eval="False"/>
    <field name="relation" eval="False"/>
    <field name="relation_field" eval="False"/>
    <field name="relation_table" eval="False"/>
    <field name="required" eval="False"/>
    <field name="selectable" eval="True"/>
    <field name="selection" eval="False"/>
    <field name="size" eval="False"/>
    <field name="state">manual</field>
    <field name="store" eval="True"/>
    <field name="tracking" eval="False"/>
    <field name="translate" eval="False"/>
    <field name="ttype">char</field>
  </record>
  <record id="studio_customization.county_group_county__20c7938a-8162-487c-a73c-842c7b74f794" model="ir.model.fields" context="{'studio': True}">
    <field name="complete_name" eval="False"/>
    <field name="compute" eval="False"/>
    <field name="copied" eval="False"/>
    <field name="depends" eval="False"/>
    <field name="domain">[]</field>
    <field name="field_description">County Group</field>
    <field name="groups" eval="[(6, 0, [])]"/>
    <field name="help" eval="False"/>
    <field name="index" eval="False"/>
    <field name="model">x_county_group_detail</field>
    <field name="model_id" ref="studio_customization.county_group_detail_4e79bba2-a6c3-434e-831c-7aa5e4968e6d"/>
    <field name="name">x_studio_county_group</field>
    <field name="on_delete">set null</field>
    <field name="readonly" eval="False"/>
    <field name="related" eval="False"/>
    <field name="relation">x_county_group</field>
    <field name="relation_field" eval="False"/>
    <field name="relation_table" eval="False"/>
    <field name="required" eval="False"/>
    <field name="selectable" eval="True"/>
    <field name="selection" eval="False"/>
    <field name="size" eval="False"/>
    <field name="state">manual</field>
    <field name="store" eval="True"/>
    <field name="tracking" eval="False"/>
    <field name="translate" eval="False"/>
    <field name="ttype">many2one</field>
  </record>
  <record id="studio_customization.county_county_group__d69a754e-b5a9-4333-a277-41b78c3ab47f" model="ir.model.fields" context="{'studio': True}">
    <field name="complete_name" eval="False"/>
    <field name="compute" eval="False"/>
    <field name="copied" eval="False"/>
    <field name="depends" eval="False"/>
    <field name="domain">[]</field>
    <field name="field_description">County</field>
    <field name="groups" eval="[(6, 0, [])]"/>
    <field name="help" eval="False"/>
    <field name="index" eval="False"/>
    <field name="model">x_county_group_detail</field>
    <field name="model_id" ref="studio_customization.county_group_detail_4e79bba2-a6c3-434e-831c-7aa5e4968e6d"/>
    <field name="name">x_studio_county</field>
    <field name="on_delete">set null</field>
    <field name="readonly" eval="False"/>
    <field name="related" eval="False"/>
    <field name="relation">x_county</field>
    <field name="relation_field" eval="False"/>
    <field name="relation_table" eval="False"/>
    <field name="required" eval="False"/>
    <field name="selectable" eval="True"/>
    <field name="selection" eval="False"/>
    <field name="size" eval="False"/>
    <field name="state">manual</field>
    <field name="store" eval="True"/>
    <field name="tracking" eval="False"/>
    <field name="translate" eval="False"/>
    <field name="ttype">many2one</field>
  </record>
  <record id="studio_customization.new_one2many_county__67c81a16-6ea8-4c7e-9c9d-f081a3d9dff2" model="ir.model.fields" context="{'studio': True}">
    <field name="complete_name" eval="False"/>
    <field name="compute" eval="False"/>
    <field name="copied" eval="False"/>
    <field name="depends" eval="False"/>
    <field name="domain">[]</field>
    <field name="field_description">County</field>
    <field name="groups" eval="[(6, 0, [])]"/>
    <field name="help" eval="False"/>
    <field name="index" eval="False"/>
    <field name="model">x_county_group</field>
    <field name="model_id" ref="studio_customization.county_group_c89e7720-8f7d-4e48-9ac6-219a75280967"/>
    <field name="name">x_studio_county</field>
    <field name="on_delete" eval="False"/>
    <field name="readonly" eval="False"/>
    <field name="related" eval="False"/>
    <field name="relation">x_county_group_detail</field>
    <field name="relation_field">x_studio_county_group</field>
    <field name="relation_table" eval="False"/>
    <field name="required" eval="False"/>
    <field name="selectable" eval="True"/>
    <field name="selection" eval="False"/>
    <field name="size" eval="False"/>
    <field name="state">manual</field>
    <field name="store" eval="True"/>
    <field name="tracking" eval="False"/>
    <field name="translate" eval="False"/>
    <field name="ttype">one2many</field>
  </record>
  <record id="studio_customization.new_related_field_co_7903b933-bb0d-4a8a-828d-798cba10c2c9" model="ir.model.fields" context="{'studio': True}">
    <field name="complete_name" eval="False"/>
    <field name="compute" eval="False"/>
    <field name="copied" eval="False"/>
    <field name="depends" eval="False"/>
    <field name="domain">[]</field>
    <field name="field_description">Population</field>
    <field name="groups" eval="[(6, 0, [])]"/>
    <field name="help" eval="False"/>
    <field name="index" eval="False"/>
    <field name="model">x_county_group_detail</field>
    <field name="model_id" ref="studio_customization.county_group_detail_4e79bba2-a6c3-434e-831c-7aa5e4968e6d"/>
    <field name="name">x_studio_population</field>
    <field name="on_delete" eval="False"/>
    <field name="readonly" eval="True"/>
    <field name="related">x_studio_county.x_studio_population</field>
    <field name="relation" eval="False"/>
    <field name="relation_field" eval="False"/>
    <field name="relation_table" eval="False"/>
    <field name="required" eval="False"/>
    <field name="selectable" eval="True"/>
    <field name="selection" eval="False"/>
    <field name="size" eval="False"/>
    <field name="state">manual</field>
    <field name="store" eval="True"/>
    <field name="tracking" eval="False"/>
    <field name="translate" eval="False"/>
    <field name="ttype">integer</field>
  </record>
  <record id="studio_customization.new_one2many_county__b5074d73-a55a-4d2a-ab5c-12f3e80eadc4" model="ir.model.fields" context="{'studio': True}">
    <field name="complete_name" eval="False"/>
    <field name="compute" eval="False"/>
    <field name="copied" eval="False"/>
    <field name="depends" eval="False"/>
    <field name="domain">[]</field>
    <field name="field_description">County</field>
    <field name="groups" eval="[(6, 0, [])]"/>
    <field name="help" eval="False"/>
    <field name="index" eval="False"/>
    <field name="model">x_county_group</field>
    <field name="model_id" ref="studio_customization.county_group_c89e7720-8f7d-4e48-9ac6-219a75280967"/>
    <field name="name">x_studio_county_1</field>
    <field name="on_delete" eval="False"/>
    <field name="readonly" eval="False"/>
    <field name="related" eval="False"/>
    <field name="relation">x_county_group_detail</field>
    <field name="relation_field">x_studio_county_group</field>
    <field name="relation_table" eval="False"/>
    <field name="required" eval="False"/>
    <field name="selectable" eval="True"/>
    <field name="selection" eval="False"/>
    <field name="size" eval="False"/>
    <field name="state">manual</field>
    <field name="store" eval="True"/>
    <field name="tracking" eval="False"/>
    <field name="translate" eval="False"/>
    <field name="ttype">one2many</field>
  </record>
  <record id="studio_customization.new_related_field_co_83c4a3e1-df6b-4211-b822-85188cb3c46f" model="ir.model.fields" context="{'studio': True}">
    <field name="complete_name" eval="False"/>
    <field name="compute"><![CDATA[for record in self:
  population_total = 0.0
  for line in record.x_studio_county += line.x_studio_population
  record['x_studio_population'] = population_total]]></field>
    <field name="copied" eval="False"/>
    <field name="depends">x_studio_county</field>
    <field name="domain">[]</field>
    <field name="field_description">Population</field>
    <field name="groups" eval="[(6, 0, [])]"/>
    <field name="help" eval="False"/>
    <field name="index" eval="False"/>
    <field name="model">x_county_group</field>
    <field name="model_id" ref="studio_customization.county_group_c89e7720-8f7d-4e48-9ac6-219a75280967"/>
    <field name="name">x_studio_population</field>
    <field name="on_delete" eval="False"/>
    <field name="readonly" eval="True"/>
    <field name="related">x_studio_country.x_studio_county.x_studio_population</field>
    <field name="relation" eval="False"/>
    <field name="relation_field" eval="False"/>
    <field name="relation_table" eval="False"/>
    <field name="required" eval="False"/>
    <field name="selectable" eval="True"/>
    <field name="selection" eval="False"/>
    <field name="size" eval="False"/>
    <field name="state">manual</field>
    <field name="store" eval="True"/>
    <field name="tracking" eval="False"/>
    <field name="translate" eval="False"/>
    <field name="ttype">integer</field>
  </record>
  <record id="studio_customization.new_integer_county_g_618c6111-5a3d-491a-9364-2a6cefdddbfa" model="ir.model.fields" context="{'studio': True}">
    <field name="complete_name" eval="False"/>
    <field name="compute" eval="False"/>
    <field name="copied" eval="False"/>
    <field name="depends" eval="False"/>
    <field name="domain">[]</field>
    <field name="field_description">Total</field>
    <field name="groups" eval="[(6, 0, [])]"/>
    <field name="help" eval="False"/>
    <field name="index" eval="False"/>
    <field name="model">x_county_group</field>
    <field name="model_id" ref="studio_customization.county_group_c89e7720-8f7d-4e48-9ac6-219a75280967"/>
    <field name="name">x_studio_total</field>
    <field name="on_delete" eval="False"/>
    <field name="readonly" eval="False"/>
    <field name="related" eval="False"/>
    <field name="relation" eval="False"/>
    <field name="relation_field" eval="False"/>
    <field name="relation_table" eval="False"/>
    <field name="required" eval="False"/>
    <field name="selectable" eval="True"/>
    <field name="selection" eval="False"/>
    <field name="size" eval="False"/>
    <field name="state">manual</field>
    <field name="store" eval="True"/>
    <field name="tracking" eval="False"/>
    <field name="translate" eval="False"/>
    <field name="ttype">integer</field>
  </record>
  <record id="studio_customization.new_integer_county_g_acce40b9-4161-4728-8739-02a86bcdc69f" model="ir.model.fields" context="{'studio': True}">
    <field name="complete_name" eval="False"/>
    <field name="compute"><![CDATA[for record in self:
  record['x_studio_total_population'] = record['x_studio_total'] + record['x_studio_population']]]></field>
    <field name="copied" eval="False"/>
    <field name="depends">x_studio_total_population, x_studio_total,x_studio_population</field>
    <field name="domain">[]</field>
    <field name="field_description">Total Population</field>
    <field name="groups" eval="[(6, 0, [])]"/>
    <field name="help" eval="False"/>
    <field name="index" eval="False"/>
    <field name="model">x_county_group</field>
    <field name="model_id" ref="studio_customization.county_group_c89e7720-8f7d-4e48-9ac6-219a75280967"/>
    <field name="name">x_studio_total_population</field>
    <field name="on_delete" eval="False"/>
    <field name="readonly" eval="True"/>
    <field name="related" eval="False"/>
    <field name="relation" eval="False"/>
    <field name="relation_field" eval="False"/>
    <field name="relation_table" eval="False"/>
    <field name="required" eval="False"/>
    <field name="selectable" eval="True"/>
    <field name="selection" eval="False"/>
    <field name="size" eval="False"/>
    <field name="state">manual</field>
    <field name="store" eval="True"/>
    <field name="tracking" eval="False"/>
    <field name="translate" eval="False"/>
    <field name="ttype">integer</field>
  </record>
  <record id="studio_customization.name_point_of_intere_77882080-de52-4099-9285-8e054a443f7f" model="ir.model.fields" context="{'studio': True}">
    <field name="complete_name" eval="False"/>
    <field name="compute" eval="False"/>
    <field name="copied" eval="False"/>
    <field name="depends" eval="False"/>
    <field name="domain">[]</field>
    <field name="field_description">Name</field>
    <field name="groups" eval="[(6, 0, [])]"/>
    <field name="help" eval="False"/>
    <field name="index" eval="False"/>
    <field name="model">x_point_of_interest_detail</field>
    <field name="model_id" ref="studio_customization.point_of_interest_de_a1caaf86-ab04-4f40-85c3-a97234f4490e"/>
    <field name="name">x_name</field>
    <field name="on_delete" eval="False"/>
    <field name="readonly" eval="False"/>
    <field name="related" eval="False"/>
    <field name="relation" eval="False"/>
    <field name="relation_field" eval="False"/>
    <field name="relation_table" eval="False"/>
    <field name="required" eval="False"/>
    <field name="selectable" eval="True"/>
    <field name="selection" eval="False"/>
    <field name="size" eval="False"/>
    <field name="state">manual</field>
    <field name="store" eval="True"/>
    <field name="tracking" eval="False"/>
    <field name="translate" eval="False"/>
    <field name="ttype">char</field>
  </record>
  <record id="studio_customization.point_of_interest_po_2047a875-9eff-49e4-a67e-f12b22ffbd32" model="ir.model.fields" context="{'studio': True}">
    <field name="complete_name" eval="False"/>
    <field name="compute" eval="False"/>
    <field name="copied" eval="False"/>
    <field name="depends" eval="False"/>
    <field name="domain">[]</field>
    <field name="field_description">Point Of Interest</field>
    <field name="groups" eval="[(6, 0, [])]"/>
    <field name="help" eval="False"/>
    <field name="index" eval="False"/>
    <field name="model">x_point_of_interest_detail</field>
    <field name="model_id" ref="studio_customization.point_of_interest_de_a1caaf86-ab04-4f40-85c3-a97234f4490e"/>
    <field name="name">x_studio_field_55JDm</field>
    <field name="on_delete">set null</field>
    <field name="readonly" eval="False"/>
    <field name="related" eval="False"/>
    <field name="relation">x_point_of_interest</field>
    <field name="relation_field" eval="False"/>
    <field name="relation_table" eval="False"/>
    <field name="required" eval="False"/>
    <field name="selectable" eval="True"/>
    <field name="selection" eval="False"/>
    <field name="size" eval="False"/>
    <field name="state">manual</field>
    <field name="store" eval="True"/>
    <field name="tracking" eval="False"/>
    <field name="translate" eval="False"/>
    <field name="ttype">many2one</field>
  </record>
  <record id="studio_customization.county_point_of_inte_05182b34-f019-40da-b7f5-4f81e572f1d3" model="ir.model.fields" context="{'studio': True}">
    <field name="complete_name" eval="False"/>
    <field name="compute" eval="False"/>
    <field name="copied" eval="False"/>
    <field name="depends" eval="False"/>
    <field name="domain">[]</field>
    <field name="field_description">County</field>
    <field name="groups" eval="[(6, 0, [])]"/>
    <field name="help" eval="False"/>
    <field name="index" eval="False"/>
    <field name="model">x_point_of_interest_detail</field>
    <field name="model_id" ref="studio_customization.point_of_interest_de_a1caaf86-ab04-4f40-85c3-a97234f4490e"/>
    <field name="name">x_studio_field_yfWWF</field>
    <field name="on_delete">set null</field>
    <field name="readonly" eval="False"/>
    <field name="related" eval="False"/>
    <field name="relation">x_county</field>
    <field name="relation_field" eval="False"/>
    <field name="relation_table" eval="False"/>
    <field name="required" eval="False"/>
    <field name="selectable" eval="True"/>
    <field name="selection" eval="False"/>
    <field name="size" eval="False"/>
    <field name="state">manual</field>
    <field name="store" eval="True"/>
    <field name="tracking" eval="False"/>
    <field name="translate" eval="False"/>
    <field name="ttype">many2one</field>
  </record>
  <record id="studio_customization.new_one2many_county_f09e0693-f264-4e46-ab7f-54be753e7ecc" model="ir.model.fields" context="{'studio': True}">
    <field name="complete_name" eval="False"/>
    <field name="compute" eval="False"/>
    <field name="copied" eval="False"/>
    <field name="depends" eval="False"/>
    <field name="domain">[]</field>
    <field name="field_description">Point Of Interest</field>
    <field name="groups" eval="[(6, 0, [])]"/>
    <field name="help" eval="False"/>
    <field name="index" eval="False"/>
    <field name="model">x_county</field>
    <field name="model_id" ref="studio_customization.county_30a33146-3d0c-470e-998b-e612b45595a6"/>
    <field name="name">x_studio_point_of_interest</field>
    <field name="on_delete" eval="False"/>
    <field name="readonly" eval="False"/>
    <field name="related" eval="False"/>
    <field name="relation">x_point_of_interest_detail</field>
    <field name="relation_field">x_studio_field_yfWWF</field>
    <field name="relation_table" eval="False"/>
    <field name="required" eval="False"/>
    <field name="selectable" eval="True"/>
    <field name="selection" eval="False"/>
    <field name="size" eval="False"/>
    <field name="state">manual</field>
    <field name="store" eval="True"/>
    <field name="tracking" eval="False"/>
    <field name="translate" eval="False"/>
    <field name="ttype">one2many</field>
  </record>
  <record id="studio_customization.new_related_field_po_bd1632c5-d445-455b-832a-60e9d5322c81" model="ir.model.fields" context="{'studio': True}">
    <field name="complete_name" eval="False"/>
    <field name="compute" eval="False"/>
    <field name="copied" eval="False"/>
    <field name="depends" eval="False"/>
    <field name="domain">[]</field>
    <field name="field_description">Country</field>
    <field name="groups" eval="[(6, 0, [])]"/>
    <field name="help" eval="False"/>
    <field name="index" eval="False"/>
    <field name="model">x_point_of_interest_detail</field>
    <field name="model_id" ref="studio_customization.point_of_interest_de_a1caaf86-ab04-4f40-85c3-a97234f4490e"/>
    <field name="name">x_studio_country</field>
    <field name="on_delete" eval="False"/>
    <field name="readonly" eval="True"/>
    <field name="related">x_studio_field_yfWWF.x_studio_country.x_name</field>
    <field name="relation" eval="False"/>
    <field name="relation_field" eval="False"/>
    <field name="relation_table" eval="False"/>
    <field name="required" eval="False"/>
    <field name="selectable" eval="True"/>
    <field name="selection" eval="False"/>
    <field name="size" eval="False"/>
    <field name="state">manual</field>
    <field name="store" eval="True"/>
    <field name="tracking" eval="False"/>
    <field name="translate" eval="False"/>
    <field name="ttype">char</field>
  </record>
  <record id="studio_customization.new_one2many_country_a37d0f99-864a-436d-88bb-a79d4d3ffda2" model="ir.model.fields" context="{'studio': True}">
    <field name="complete_name" eval="False"/>
    <field name="compute" eval="False"/>
    <field name="copied" eval="False"/>
    <field name="depends" eval="False"/>
    <field name="domain">[]</field>
    <field name="field_description">Point Of Interest</field>
    <field name="groups" eval="[(6, 0, [])]"/>
    <field name="help" eval="False"/>
    <field name="index" eval="False"/>
    <field name="model">x_country</field>
    <field name="model_id" ref="studio_customization.country_61bef620-6daf-4fc7-8d49-481efde9d688"/>
    <field name="name">x_studio_point_of_interest</field>
    <field name="on_delete" eval="False"/>
    <field name="readonly" eval="False"/>
    <field name="related" eval="False"/>
    <field name="relation">x_point_of_interest</field>
    <field name="relation_field">x_studio_country</field>
    <field name="relation_table" eval="False"/>
    <field name="required" eval="False"/>
    <field name="selectable" eval="True"/>
    <field name="selection" eval="False"/>
    <field name="size" eval="False"/>
    <field name="state">manual</field>
    <field name="store" eval="True"/>
    <field name="tracking" eval="False"/>
    <field name="translate" eval="False"/>
    <field name="ttype">one2many</field>
  </record>
  <record id="studio_customization.point_of_interest_de_66aad827-0409-4486-bfc6-4e394014b0e0" model="ir.model.fields" context="{'studio': True}">
    <field name="complete_name" eval="False"/>
    <field name="compute" eval="False"/>
    <field name="copied" eval="False"/>
    <field name="depends" eval="False"/>
    <field name="domain">[]</field>
    <field name="field_description">County</field>
    <field name="groups" eval="[(6, 0, [])]"/>
    <field name="help" eval="False"/>
    <field name="index" eval="False"/>
    <field name="model">x_point_of_interest_detail</field>
    <field name="model_id" ref="studio_customization.point_of_interest_de_a1caaf86-ab04-4f40-85c3-a97234f4490e"/>
    <field name="name">x_studio_county</field>
    <field name="on_delete">cascade</field>
    <field name="readonly" eval="False"/>
    <field name="related" eval="False"/>
    <field name="relation">x_point_of_interest_detail</field>
    <field name="relation_field" eval="False"/>
    <field name="relation_table">x_x_point_of_interest_detail_x_point_of_interest_detail_rel</field>
    <field name="required" eval="False"/>
    <field name="selectable" eval="True"/>
    <field name="selection" eval="False"/>
    <field name="size" eval="False"/>
    <field name="state">manual</field>
    <field name="store" eval="True"/>
    <field name="tracking" eval="False"/>
    <field name="translate" eval="False"/>
    <field name="ttype">many2many</field>
  </record>
  <record id="studio_customization.point_of_interest_de_56591eb1-5420-445d-8240-4146d239c737" model="ir.model.fields" context="{'studio': True}">
    <field name="complete_name" eval="False"/>
    <field name="compute" eval="False"/>
    <field name="copied" eval="False"/>
    <field name="depends" eval="False"/>
    <field name="domain">[]</field>
    <field name="field_description">Point Of Interest Detail</field>
    <field name="groups" eval="[(6, 0, [])]"/>
    <field name="help" eval="False"/>
    <field name="index" eval="False"/>
    <field name="model">x_point_of_interest</field>
    <field name="model_id" ref="studio_customization.point_of_interest_2b129c97-4e88-4d67-ba17-77bfc95f78f5"/>
    <field name="name">x_studio_point_of_interest_detail</field>
    <field name="on_delete">cascade</field>
    <field name="readonly" eval="False"/>
    <field name="related" eval="False"/>
    <field name="relation">x_point_of_interest_detail</field>
    <field name="relation_field" eval="False"/>
    <field name="relation_table">x_x_point_of_interest_x_point_of_interest_detail_rel</field>
    <field name="required" eval="False"/>
    <field name="selectable" eval="True"/>
    <field name="selection" eval="False"/>
    <field name="size" eval="False"/>
    <field name="state">manual</field>
    <field name="store" eval="True"/>
    <field name="tracking" eval="False"/>
    <field name="translate" eval="False"/>
    <field name="ttype">many2many</field>
  </record>
</odoo>
