<?xml version='1.0' encoding='UTF-8'?>
<odoo>
  <record id="studio_customization.country_county_f2a5b6f7-5e6c-4b93-8141-f89b0718b137" model="ir.ui.menu" context="{'studio': True}">
    <field name="action" ref="studio_customization.county_46558880-e3c6-46e7-90cd-84b9701bddf9"/>
    <field name="active" eval="False"/>
    <field name="groups_id" eval="[(6, 0, [])]"/>
    <field name="name">County</field>
    <field name="parent_id" eval="False"/>
    <field name="sequence">10</field>
    <field name="web_icon" eval="False"/>
  </record>
  <record id="studio_customization.sifon_country_96f8fedd-283d-4897-a5b4-1605fe1f43d6" model="ir.ui.menu" context="{'studio': True}">
    <field name="action" eval="False"/>
    <field name="active" eval="True"/>
    <field name="groups_id" eval="[(6, 0, [])]"/>
    <field name="name">SifON - Country</field>
    <field name="parent_id" eval="False"/>
    <field name="sequence">10</field>
    <field name="web_icon">fa fa-institution,#f1c40f,#1abc9c</field>
  </record>
  <record id="studio_customization.sifon_country_countr_b547707b-b010-4aa1-9b20-dd248532e424" model="ir.ui.menu" context="{'studio': True}">
    <field name="action" ref="studio_customization.country_09a0b207-8e54-455e-a475-f753de7ecbb1"/>
    <field name="active" eval="True"/>
    <field name="groups_id" eval="[(6, 0, [])]"/>
    <field name="name">Country</field>
    <field name="parent_id" ref="studio_customization.sifon_country_96f8fedd-283d-4897-a5b4-1605fe1f43d6"/>
    <field name="sequence" eval="False"/>
    <field name="web_icon" eval="False"/>
  </record>
  <record id="studio_customization.sifon_country_county_cfc207fb-8d0f-4229-b356-f7f82c4ea7a7" model="ir.ui.menu" context="{'studio': True}">
    <field name="action" ref="studio_customization.county_7b5965c9-f511-436f-91d2-0006f8c13513"/>
    <field name="active" eval="True"/>
    <field name="groups_id" eval="[(6, 0, [])]"/>
    <field name="name">County</field>
    <field name="parent_id" ref="studio_customization.sifon_country_96f8fedd-283d-4897-a5b4-1605fe1f43d6"/>
    <field name="sequence">1</field>
    <field name="web_icon" eval="False"/>
  </record>
  <record id="studio_customization.sifon_country_city_78a8617a-348d-4173-987a-0df45e708692" model="ir.ui.menu" context="{'studio': True}">
    <field name="action" ref="studio_customization.city_068c7879-2ae5-4ad1-8769-d6cab187e6a9"/>
    <field name="active" eval="True"/>
    <field name="groups_id" eval="[(6, 0, [])]"/>
    <field name="name">City</field>
    <field name="parent_id" ref="studio_customization.sifon_country_96f8fedd-283d-4897-a5b4-1605fe1f43d6"/>
    <field name="sequence">2</field>
    <field name="web_icon" eval="False"/>
  </record>
  <record id="studio_customization.sifon_country_sensus_f3fb9fb0-ef6c-4954-890c-7f3d29c257af" model="ir.ui.menu" context="{'studio': True}">
    <field name="action" ref="studio_customization.sensus_a5d59fc0-0d3e-4c30-8764-4dc7155cd125"/>
    <field name="active" eval="True"/>
    <field name="groups_id" eval="[(6, 0, [])]"/>
    <field name="name">Sensus</field>
    <field name="parent_id" ref="studio_customization.sifon_country_96f8fedd-283d-4897-a5b4-1605fe1f43d6"/>
    <field name="sequence">3</field>
    <field name="web_icon" eval="False"/>
  </record>
  <record id="studio_customization.sifon_country_point__6c41496e-2a24-4081-9c01-02bca655c6b1" model="ir.ui.menu" context="{'studio': True}">
    <field name="action" ref="studio_customization.point_of_interest_7dc25291-dd34-4b91-9f37-0b9100a0df3b"/>
    <field name="active" eval="True"/>
    <field name="groups_id" eval="[(6, 0, [])]"/>
    <field name="name">Point Of Interest</field>
    <field name="parent_id" ref="studio_customization.sifon_country_96f8fedd-283d-4897-a5b4-1605fe1f43d6"/>
    <field name="sequence">4</field>
    <field name="web_icon" eval="False"/>
  </record>
  <record id="studio_customization.sifon_country_county_e67a3893-0ffc-4a40-99ac-f82d62114478" model="ir.ui.menu" context="{'studio': True}">
    <field name="action" ref="studio_customization.county_group_49e3205c-50d9-4aa6-9537-7a552c6d50a5"/>
    <field name="active" eval="True"/>
    <field name="groups_id" eval="[(6, 0, [])]"/>
    <field name="name">County Group</field>
    <field name="parent_id" ref="studio_customization.sifon_country_96f8fedd-283d-4897-a5b4-1605fe1f43d6"/>
    <field name="sequence">6</field>
    <field name="web_icon" eval="False"/>
  </record>
  <record id="studio_customization.sifon_country_county_2615edd8-cc76-4e42-af05-7d593fa7cc5a" model="ir.ui.menu" context="{'studio': True}">
    <field name="action" ref="studio_customization.county_group_detail_15e11742-9671-41fa-8bb6-d543b2eef00b"/>
    <field name="active" eval="True"/>
    <field name="groups_id" eval="[(6, 0, [])]"/>
    <field name="name">County Group Detail</field>
    <field name="parent_id" ref="studio_customization.sifon_country_96f8fedd-283d-4897-a5b4-1605fe1f43d6"/>
    <field name="sequence">7</field>
    <field name="web_icon" eval="False"/>
  </record>
  <record id="studio_customization.sifon_country_point__0b3f2762-da1c-4ca8-b6c8-688adfdbf37c" model="ir.ui.menu" context="{'studio': True}">
    <field name="action" ref="studio_customization.point_of_interest_de_045cefbf-0a30-459c-a02d-7f5f5d2a1c21"/>
    <field name="active" eval="True"/>
    <field name="groups_id" eval="[(6, 0, [])]"/>
    <field name="name">Point Of Interest Detail</field>
    <field name="parent_id" ref="studio_customization.sifon_country_96f8fedd-283d-4897-a5b4-1605fe1f43d6"/>
    <field name="sequence">5</field>
    <field name="web_icon" eval="False"/>
  </record>
</odoo>
