<?xml version='1.0' encoding='UTF-8'?>
<odoo>
  <record id="studio_customization.default_form_view_fo_ec6f1adc-235c-44da-a231-fee86f5657fa" model="ir.ui.view" context="{'studio': True}">
    <field name="active" eval="True"/>
    <field name="arch" type="xml">
      <form>
        <sheet string="County">
          <div class="oe_title">
            <h1>
              <field name="x_name" required="1"/>
            </h1>
          </div>
          <group name="studio_group_2ace06">
            <group name="studio_group_2ace06_left"/>
            <group name="studio_group_2ace06_right"/>
          </group>
        </sheet>
      </form>
    </field>
    <field name="field_parent" eval="False"/>
    <field name="groups_id" eval="[(6, 0, [])]"/>
    <field name="inherit_id" eval="False"/>
    <field name="key" eval="False"/>
    <field name="mode">primary</field>
    <field name="model">x_county</field>
    <field name="name">Default form view for x_county</field>
    <field name="priority">16</field>
    <field name="type">form</field>
  </record>
  <record id="studio_customization.default_tree_view_fo_05d42788-3eef-4bb3-97a4-077b536f8329" model="ir.ui.view" context="{'studio': True}">
    <field name="active" eval="True"/>
    <field name="arch" type="xml">
      <tree string="County">
        <field name="x_name" modifiers="{}"/>
      </tree>
    </field>
    <field name="field_parent" eval="False"/>
    <field name="groups_id" eval="[(6, 0, [])]"/>
    <field name="inherit_id" eval="False"/>
    <field name="key" eval="False"/>
    <field name="mode">primary</field>
    <field name="model">x_county</field>
    <field name="name">Default tree view for x_county</field>
    <field name="priority">16</field>
    <field name="type">tree</field>
  </record>
  <record id="studio_customization.default_form_view_fo_4933f7a9-7937-4d19-814a-69997860ba9f" model="ir.ui.view" context="{'studio': True}">
    <field name="active" eval="True"/>
    <field name="arch" type="xml">
      <form>
        <sheet string="City">
          <div class="oe_title">
            <h1>
              <field name="x_name" required="1"/>
            </h1>
          </div>
          <group name="studio_group_d71dbd">
            <group name="studio_group_d71dbd_left"/>
            <group name="studio_group_d71dbd_right"/>
          </group>
        </sheet>
      </form>
    </field>
    <field name="field_parent" eval="False"/>
    <field name="groups_id" eval="[(6, 0, [])]"/>
    <field name="inherit_id" eval="False"/>
    <field name="key" eval="False"/>
    <field name="mode">primary</field>
    <field name="model">x_city</field>
    <field name="name">Default form view for x_city</field>
    <field name="priority">16</field>
    <field name="type">form</field>
  </record>
  <record id="studio_customization.default_form_view_fo_0020a3b0-23d4-4f6e-9a06-7ada2ec06273" model="ir.ui.view" context="{'studio': True}">
    <field name="active" eval="True"/>
    <field name="arch" type="xml">
      <form>
        <sheet string="Country">
          <div class="oe_title">
            <h1>
              <field name="x_name" required="1"/>
            </h1>
          </div>
          <group name="studio_group_34ca7b">
            <group name="studio_group_34ca7b_left"/>
            <group name="studio_group_34ca7b_right"/>
          </group>
        </sheet>
      </form>
    </field>
    <field name="field_parent" eval="False"/>
    <field name="groups_id" eval="[(6, 0, [])]"/>
    <field name="inherit_id" eval="False"/>
    <field name="key" eval="False"/>
    <field name="mode">primary</field>
    <field name="model">x_country</field>
    <field name="name">Default form view for x_country</field>
    <field name="priority">16</field>
    <field name="type">form</field>
  </record>
  <record id="studio_customization.odoo_studio_default__37e3e931-ab68-4fbf-b070-608238ea5165" model="ir.ui.view" context="{'studio': True}">
    <field name="active" eval="True"/>
    <field name="arch" type="xml">
      <data>
        <xpath expr="//group[@name='studio_group_34ca7b_left']" position="inside">
          <field name="x_studio_country" placeholder="Country"/>
          <field name="x_studio_flag" options="{&quot;size&quot;: [0, 90]}" widget="image" string="Flag"/>
          <field name="x_studio_capital" string="Capital" placeholder="Capital"/>
          <field name="x_studio_county" string="County">
            <form>
              <sheet string="County" name="studio_sheet_01763b">
                <div class="oe_title" name="studio_div_90fd27">
                  <h1>
                    <field name="x_name" required="1"/>
                  </h1>
                </div>
                <group name="studio_group_2ace06">
                  <group name="studio_group_2ace06_left">
                    <field name="x_studio_flag" options="{&quot;size&quot;: [0, 90]}" widget="image" string="Flag"/>
                    <field name="x_studio_capital" string="Capital" placeholder="Capital"/>
                    <field name="x_studio_city">
                      <tree string="City">
                        <field name="x_name" modifiers="{}"/>
                      </tree>
                    </field>
                    <field name="x_studio_sensus"/>
                  </group>
                  <group name="studio_group_2ace06_right">
                    <field name="x_studio_male"/>
                    <field name="x_studio_female"/>
                    <field name="x_studio_intersex"/>
                    <field name="x_studio_population"/>
                    <field name="x_studio_households"/>
                    <field name="x_studio_average_households"/>
                    <field name="x_studio_land_area_sq_km"/>
                    <field name="x_studio_population_density"/>
                  </group>
                </group>
                <field name="x_studio_links"/>
              </sheet>
            </form>
            <tree string="County">
              <field name="x_studio_flag" options="{&quot;size&quot;:[0,90]}" widget="image"/>
              <field name="x_studio_population" sum="Sum of Population"/>
              <field name="x_studio_land_area_sq_km" sum="Sum of Land Area (Sq. Km)" string="Area (Km2)"/>
              <field name="x_studio_population_density" avg="Average of Population Density" string="Density"/>
              <field name="x_name" modifiers="{}"/>
            </tree>
          </field>
        </xpath>
        <xpath expr="//group[@name='studio_group_34ca7b_right']" position="inside">
          <field name="x_studio_country_code" string="Country Code" placeholder="Country Code"/>
          <field name="x_studio_currency_code" string="Currency Code" placeholder="Currency Code"/>
          <field name="x_studio_currency" string="Currency" placeholder="Currency"/>
          <field name="x_studio_point_of_interest" string="Point Of Interest">
            <form>
              <sheet string="Point Of Interest" name="studio_sheet_ad1c3c">
                <div class="oe_title" name="studio_div_56d74a">
                  <h1>
                    <field name="x_name" required="1"/>
                  </h1>
                </div>
                <group name="studio_group_fdb1d9">
                  <group name="studio_group_fdb1d9_left">
                    <field name="x_studio_county"/>
                  </group>
                  <group name="studio_group_fdb1d9_right"/>
                </group>
                <field name="x_studio_links" string="Links"/>
              </sheet>
            </form>
            <tree string="Point Of Interest">
              <field name="x_name"/>
            </tree>
          </field>
        </xpath>
        <xpath expr="//group[@name='studio_group_34ca7b']" position="after">
          <field name="x_studio_links" string="Links"/>
        </xpath>
      </data>
    </field>
    <field name="field_parent" eval="False"/>
    <field name="groups_id" eval="[(6, 0, [])]"/>
    <field name="inherit_id" ref="studio_customization.default_form_view_fo_0020a3b0-23d4-4f6e-9a06-7ada2ec06273"/>
    <field name="key" eval="False"/>
    <field name="mode">extension</field>
    <field name="model">x_country</field>
    <field name="name">Odoo Studio: Default form view for x_country customization</field>
    <field name="priority">99</field>
    <field name="type">form</field>
  </record>
  <record id="studio_customization.odoo_studio_default__0d372cbb-c94e-4327-adaa-4881503e29b0" model="ir.ui.view" context="{'studio': True}">
    <field name="active" eval="True"/>
    <field name="arch" type="xml">
      <data>
        <xpath expr="//group[@name='studio_group_2ace06_left']" position="inside">
          <field name="x_studio_country" placeholder="Country"/>
          <field name="x_studio_capital"/>
          <field name="x_studio_city" string="City"/>
          <field name="x_studio_point_of_interest" string="Point Of Interest">
            <tree string="Point Of Interest Detail">
              <field name="x_studio_field_55JDm"/>
            </tree>
          </field>
        </xpath>
        <xpath expr="//group[@name='studio_group_2ace06_right']" position="inside">
          <field name="x_studio_sensus" help="Sensus" placeholder="Sensus"/>
          <field name="x_studio_male" string="Male" placeholder="Male"/>
          <field name="x_studio_female" string="Female" placeholder="Female"/>
          <field name="x_studio_intersex" string="Intersex" placeholder="Intersex"/>
          <field name="x_studio_population" string="Population" placeholder="Population"/>
          <field name="x_studio_households" string="Households" placeholder="Households"/>
          <field name="x_studio_average_households" string="Average Households" placeholder="Average Households"/>
          <field name="x_studio_land_area_sq_km" string="Land Area (Sq. Km)" placeholder="Land Area (Sq. Km)"/>
          <field name="x_studio_population_density" string="Population Density" placeholder="Population Density"/>
        </xpath>
        <xpath expr="//group[@name='studio_group_2ace06']" position="after">
          <field name="x_studio_links"/>
        </xpath>
      </data>
    </field>
    <field name="field_parent" eval="False"/>
    <field name="groups_id" eval="[(6, 0, [])]"/>
    <field name="inherit_id" ref="studio_customization.default_form_view_fo_ec6f1adc-235c-44da-a231-fee86f5657fa"/>
    <field name="key" eval="False"/>
    <field name="mode">extension</field>
    <field name="model">x_county</field>
    <field name="name">Odoo Studio: Default form view for x_county customization</field>
    <field name="priority">99</field>
    <field name="type">form</field>
  </record>
  <record id="studio_customization.default_tree_view_fo_29e442a7-0830-4d1e-85ca-7c2d7b235630" model="ir.ui.view" context="{'studio': True}">
    <field name="active" eval="True"/>
    <field name="arch" type="xml">
      <tree string="Country">
        <field name="x_name" modifiers="{}"/>
      </tree>
    </field>
    <field name="field_parent" eval="False"/>
    <field name="groups_id" eval="[(6, 0, [])]"/>
    <field name="inherit_id" eval="False"/>
    <field name="key" eval="False"/>
    <field name="mode">primary</field>
    <field name="model">x_country</field>
    <field name="name">Default tree view for x_country</field>
    <field name="priority">16</field>
    <field name="type">tree</field>
  </record>
  <record id="studio_customization.odoo_studio_default__c015347f-3a5d-48e3-acad-2934839133d8" model="ir.ui.view" context="{'studio': True}">
    <field name="active" eval="True"/>
    <field name="arch" type="xml">
      <data>
        <xpath expr="//field[@name='x_name']" position="replace">
          <field name="x_studio_country"/>
          <field name="x_studio_flag" options="{&quot;size&quot;:[0,90]}" widget="image"/>
          <field name="x_studio_links"/>
        </xpath>
      </data>
    </field>
    <field name="field_parent" eval="False"/>
    <field name="groups_id" eval="[(6, 0, [])]"/>
    <field name="inherit_id" ref="studio_customization.default_tree_view_fo_29e442a7-0830-4d1e-85ca-7c2d7b235630"/>
    <field name="key" eval="False"/>
    <field name="mode">extension</field>
    <field name="model">x_country</field>
    <field name="name">Odoo Studio: Default tree view for x_country customization</field>
    <field name="priority">99</field>
    <field name="type">tree</field>
  </record>
  <record id="studio_customization.odoo_studio_default__bb59d6ef-0b44-4a8a-b950-eb343ab81d50" model="ir.ui.view" context="{'studio': True}">
    <field name="active" eval="True"/>
    <field name="arch" type="xml">
      <data>
        <xpath expr="//group[@name='studio_group_d71dbd_left']" position="inside">
          <field name="x_studio_county" placeholder="County"/>
        </xpath>
        <xpath expr="//group[@name='studio_group_d71dbd']" position="after">
          <field name="x_studio_links" string="Links"/>
        </xpath>
      </data>
    </field>
    <field name="field_parent" eval="False"/>
    <field name="groups_id" eval="[(6, 0, [])]"/>
    <field name="inherit_id" ref="studio_customization.default_form_view_fo_4933f7a9-7937-4d19-814a-69997860ba9f"/>
    <field name="key" eval="False"/>
    <field name="mode">extension</field>
    <field name="model">x_city</field>
    <field name="name">Odoo Studio: Default form view for x_city customization</field>
    <field name="priority">99</field>
    <field name="type">form</field>
  </record>
  <record id="studio_customization.default_tree_view_fo_f250baf1-22cd-4913-b807-a5a2f047c278" model="ir.ui.view" context="{'studio': True}">
    <field name="active" eval="True"/>
    <field name="arch" type="xml">
      <tree string="City">
        <field name="x_name" modifiers="{}"/>
      </tree>
    </field>
    <field name="field_parent" eval="False"/>
    <field name="groups_id" eval="[(6, 0, [])]"/>
    <field name="inherit_id" eval="False"/>
    <field name="key" eval="False"/>
    <field name="mode">primary</field>
    <field name="model">x_city</field>
    <field name="name">Default tree view for x_city</field>
    <field name="priority">16</field>
    <field name="type">tree</field>
  </record>
  <record id="studio_customization.odoo_studio_default__efe0c929-30c6-49d6-a1f5-0745fa27a3fe" model="ir.ui.view" context="{'studio': True}">
    <field name="active" eval="True"/>
    <field name="arch" type="xml">
      <data>
        <xpath expr="//field[@name='x_name']" position="after">
          <field name="x_studio_county"/>
        </xpath>
      </data>
    </field>
    <field name="field_parent" eval="False"/>
    <field name="groups_id" eval="[(6, 0, [])]"/>
    <field name="inherit_id" ref="studio_customization.default_tree_view_fo_f250baf1-22cd-4913-b807-a5a2f047c278"/>
    <field name="key" eval="False"/>
    <field name="mode">extension</field>
    <field name="model">x_city</field>
    <field name="name">Odoo Studio: Default tree view for x_city customization</field>
    <field name="priority">99</field>
    <field name="type">tree</field>
  </record>
  <record id="studio_customization.default_form_view_fo_e4107cd0-aa19-4cbd-be5a-4edde5cdaf0e" model="ir.ui.view" context="{'studio': True}">
    <field name="active" eval="True"/>
    <field name="arch" type="xml">
      <form>
        <sheet string="Sensus">
          <div class="oe_title">
            <h1>
              <field name="x_name" required="1"/>
            </h1>
          </div>
          <group name="studio_group_c1f0b9">
            <group name="studio_group_c1f0b9_left"/>
            <group name="studio_group_c1f0b9_right"/>
          </group>
        </sheet>
      </form>
    </field>
    <field name="field_parent" eval="False"/>
    <field name="groups_id" eval="[(6, 0, [])]"/>
    <field name="inherit_id" eval="False"/>
    <field name="key" eval="False"/>
    <field name="mode">primary</field>
    <field name="model">x_sensus</field>
    <field name="name">Default form view for x_sensus</field>
    <field name="priority">16</field>
    <field name="type">form</field>
  </record>
  <record id="studio_customization.default_tree_view_fo_331d0c2d-96d7-4663-ab35-75d6a3256dff" model="ir.ui.view" context="{'studio': True}">
    <field name="active" eval="True"/>
    <field name="arch" type="xml">
      <tree string="Sensus">
        <field name="x_name" modifiers="{}"/>
      </tree>
    </field>
    <field name="field_parent" eval="False"/>
    <field name="groups_id" eval="[(6, 0, [])]"/>
    <field name="inherit_id" eval="False"/>
    <field name="key" eval="False"/>
    <field name="mode">primary</field>
    <field name="model">x_sensus</field>
    <field name="name">Default tree view for x_sensus</field>
    <field name="priority">16</field>
    <field name="type">tree</field>
  </record>
  <record id="studio_customization.odoo_studio_default__83b0da39-c2fc-48be-8d85-0a69a4872a52" model="ir.ui.view" context="{'studio': True}">
    <field name="active" eval="True"/>
    <field name="arch" type="xml">
      <data>
        <xpath expr="//group[@name='studio_group_c1f0b9_left']" position="inside">
          <field name="x_studio_county" placeholder="County"/>
          <field name="x_studio_male" string="Male" placeholder="Male"/>
          <field name="x_studio_female" string="Female" placeholder="Female"/>
          <field name="x_studio_intersex" string="Intersex" placeholder="Intersex"/>
          <field name="x_studio_population" string="Population" placeholder="Population"/>
          <field name="x_studio_households" string="Households" placeholder="Households"/>
          <field name="x_studio_average_households" string="Average Households" placeholder="Average Households"/>
          <field name="x_studio_land_area_sq_km" string="Land Area (Sq. Km)" placeholder="Land Area (Sq. Km)"/>
          <field name="x_studio_population_density" string="Population Density" placeholder="Population Density"/>
        </xpath>
      </data>
    </field>
    <field name="field_parent" eval="False"/>
    <field name="groups_id" eval="[(6, 0, [])]"/>
    <field name="inherit_id" ref="studio_customization.default_form_view_fo_e4107cd0-aa19-4cbd-be5a-4edde5cdaf0e"/>
    <field name="key" eval="False"/>
    <field name="mode">extension</field>
    <field name="model">x_sensus</field>
    <field name="name">Odoo Studio: Default form view for x_sensus customization</field>
    <field name="priority">99</field>
    <field name="type">form</field>
  </record>
  <record id="studio_customization.default_graph_view_f_5c76bfbe-1ee9-4dd0-a95c-b436d3dbfe65" model="ir.ui.view" context="{'studio': True}">
    <field name="active" eval="True"/>
    <field name="arch" type="xml">
      <graph string="Country">
        <field name="x_name" modifiers="{}"/>
      </graph>
    </field>
    <field name="field_parent" eval="False"/>
    <field name="groups_id" eval="[(6, 0, [])]"/>
    <field name="inherit_id" eval="False"/>
    <field name="key" eval="False"/>
    <field name="mode">primary</field>
    <field name="model">x_country</field>
    <field name="name">Default graph view for x_country</field>
    <field name="priority">16</field>
    <field name="type">graph</field>
  </record>
  <record id="studio_customization.odoo_studio_default__a610d0a4-5538-4262-8c9c-a611496c7801" model="ir.ui.view" context="{'studio': True}">
    <field name="active" eval="True"/>
    <field name="arch" type="xml">
      <data>
        <xpath expr="//field[@name='x_name']" position="after">
          <field name="x_studio_population" sum="Sum of Population"/>
          <field name="x_studio_land_area_sq_km" sum="Sum of Land Area (Sq. Km)"/>
          <field name="x_studio_population_density" avg="Average of Population Density"/>
        </xpath>
      </data>
    </field>
    <field name="field_parent" eval="False"/>
    <field name="groups_id" eval="[(6, 0, [])]"/>
    <field name="inherit_id" ref="studio_customization.default_tree_view_fo_05d42788-3eef-4bb3-97a4-077b536f8329"/>
    <field name="key" eval="False"/>
    <field name="mode">extension</field>
    <field name="model">x_county</field>
    <field name="name">Odoo Studio: Default tree view for x_county customization</field>
    <field name="priority">99</field>
    <field name="type">tree</field>
  </record>
  <record id="studio_customization.default_graph_view_f_4e1186b0-e827-49c0-b217-b0658474b69a" model="ir.ui.view" context="{'studio': True}">
    <field name="active" eval="True"/>
    <field name="arch" type="xml">
      <graph string="County">
        <field name="x_name" modifiers="{}"/>
      </graph>
    </field>
    <field name="field_parent" eval="False"/>
    <field name="groups_id" eval="[(6, 0, [])]"/>
    <field name="inherit_id" eval="False"/>
    <field name="key" eval="False"/>
    <field name="mode">primary</field>
    <field name="model">x_county</field>
    <field name="name">Default graph view for x_county</field>
    <field name="priority">16</field>
    <field name="type">graph</field>
  </record>
  <record id="studio_customization.default_form_view_fo_97d4dccb-a0ab-4f7b-b168-b736c9a7d259" model="ir.ui.view" context="{'studio': True}">
    <field name="active" eval="True"/>
    <field name="arch" type="xml">
      <form>
        <sheet string="Point Of Interest">
          <div class="oe_title">
            <h1>
              <field name="x_name" required="1"/>
            </h1>
          </div>
          <group name="studio_group_fdb1d9">
            <group name="studio_group_fdb1d9_left"/>
            <group name="studio_group_fdb1d9_right"/>
          </group>
        </sheet>
      </form>
    </field>
    <field name="field_parent" eval="False"/>
    <field name="groups_id" eval="[(6, 0, [])]"/>
    <field name="inherit_id" eval="False"/>
    <field name="key" eval="False"/>
    <field name="mode">primary</field>
    <field name="model">x_point_of_interest</field>
    <field name="name">Default form view for x_point_of_interest</field>
    <field name="priority">16</field>
    <field name="type">form</field>
  </record>
  <record id="studio_customization.odoo_studio_default__79f75230-8f90-4295-8e03-13e6f8d314dd" model="ir.ui.view" context="{'studio': True}">
    <field name="active" eval="True"/>
    <field name="arch" type="xml">
      <data>
        <xpath expr="//group[@name='studio_group_fdb1d9_left']" position="inside">
          <field name="x_studio_county"/>
          <field name="x_studio_country"/>
        </xpath>
        <xpath expr="//group[@name='studio_group_fdb1d9_right']" position="inside">
          <field name="x_studio_point_of_interest_detail"/>
        </xpath>
        <xpath expr="//group[@name='studio_group_fdb1d9']" position="after">
          <field name="x_studio_links" string="Links"/>
        </xpath>
      </data>
    </field>
    <field name="field_parent" eval="False"/>
    <field name="groups_id" eval="[(6, 0, [])]"/>
    <field name="inherit_id" ref="studio_customization.default_form_view_fo_97d4dccb-a0ab-4f7b-b168-b736c9a7d259"/>
    <field name="key" eval="False"/>
    <field name="mode">extension</field>
    <field name="model">x_point_of_interest</field>
    <field name="name">Odoo Studio: Default form view for x_point_of_interest customization</field>
    <field name="priority">99</field>
    <field name="type">form</field>
  </record>
  <record id="studio_customization.default_form_view_fo_6bef6c50-04c6-4c93-adcc-1f89e910829e" model="ir.ui.view" context="{'studio': True}">
    <field name="active" eval="True"/>
    <field name="arch" type="xml">
      <form>
        <sheet string="County Group">
          <div class="oe_title">
            <h1>
              <field name="x_name" required="1"/>
            </h1>
          </div>
          <group name="studio_group_d4b4c4">
            <group name="studio_group_d4b4c4_left"/>
            <group name="studio_group_d4b4c4_right"/>
          </group>
        </sheet>
      </form>
    </field>
    <field name="field_parent" eval="False"/>
    <field name="groups_id" eval="[(6, 0, [])]"/>
    <field name="inherit_id" eval="False"/>
    <field name="key" eval="False"/>
    <field name="mode">primary</field>
    <field name="model">x_county_group</field>
    <field name="name">Default form view for x_county_group</field>
    <field name="priority">16</field>
    <field name="type">form</field>
  </record>
  <record id="studio_customization.odoo_studio_default__067e267e-338d-483d-bf41-153ceb24b2a7" model="ir.ui.view" context="{'studio': True}">
    <field name="active" eval="True"/>
    <field name="arch" type="xml">
      <data>
        <xpath expr="//group[@name='studio_group_d4b4c4_left']" position="inside">
          <field name="x_studio_country" placeholder="Country"/>
          <field name="x_studio_total"/>
          <field name="x_studio_total_population"/>
          <field name="x_studio_population"/>
        </xpath>
        <xpath expr="//group[@name='studio_group_d4b4c4']" position="after">
          <field name="x_studio_county" string="County">
            <tree string="County Group Detail">
              <field name="x_studio_county"/>
              <field name="x_studio_population" string="Population" sum="Sum of Population"/>
            </tree>
            <form>
              <sheet string="County Group Detail" name="studio_sheet_25c5a0">
                <div class="oe_title" name="studio_div_881060">
                </div>
                <group name="studio_group_e7a52e">
                  <group name="studio_group_e7a52e_left">
                    <field name="x_studio_county" placeholder="County"/>
                  </group>
                  <group name="studio_group_e7a52e_right"/>
                </group>
              </sheet>
            </form>
          </field>
        </xpath>
      </data>
    </field>
    <field name="field_parent" eval="False"/>
    <field name="groups_id" eval="[(6, 0, [])]"/>
    <field name="inherit_id" ref="studio_customization.default_form_view_fo_6bef6c50-04c6-4c93-adcc-1f89e910829e"/>
    <field name="key" eval="False"/>
    <field name="mode">extension</field>
    <field name="model">x_county_group</field>
    <field name="name">Odoo Studio: Default form view for x_county_group customization</field>
    <field name="priority">99</field>
    <field name="type">form</field>
  </record>
  <record id="studio_customization.default_form_view_fo_43f628c9-d5af-439a-8409-38937db28940" model="ir.ui.view" context="{'studio': True}">
    <field name="active" eval="True"/>
    <field name="arch" type="xml">
      <form>
        <sheet string="County Group Detail">
          <div class="oe_title">
            <h1>
              <field name="x_name" required="1"/>
            </h1>
          </div>
          <group name="studio_group_e7a52e">
            <group name="studio_group_e7a52e_left"/>
            <group name="studio_group_e7a52e_right"/>
          </group>
        </sheet>
      </form>
    </field>
    <field name="field_parent" eval="False"/>
    <field name="groups_id" eval="[(6, 0, [])]"/>
    <field name="inherit_id" eval="False"/>
    <field name="key" eval="False"/>
    <field name="mode">primary</field>
    <field name="model">x_county_group_detail</field>
    <field name="name">Default form view for x_county_group_detail</field>
    <field name="priority">16</field>
    <field name="type">form</field>
  </record>
  <record id="studio_customization.odoo_studio_default__6ec256cd-295d-4788-bd15-8d397a06cf5d" model="ir.ui.view" context="{'studio': True}">
    <field name="active" eval="True"/>
    <field name="arch" type="xml">
      <data>
        <xpath expr="//form[1]/sheet[1]/div[1]/h1[1]" position="replace"/>
        <xpath expr="//group[@name='studio_group_e7a52e_left']" position="inside">
          <field name="x_studio_county_group" placeholder="County Group"/>
          <field name="x_studio_county" placeholder="County"/>
        </xpath>
      </data>
    </field>
    <field name="field_parent" eval="False"/>
    <field name="groups_id" eval="[(6, 0, [])]"/>
    <field name="inherit_id" ref="studio_customization.default_form_view_fo_43f628c9-d5af-439a-8409-38937db28940"/>
    <field name="key" eval="False"/>
    <field name="mode">extension</field>
    <field name="model">x_county_group_detail</field>
    <field name="name">Odoo Studio: Default form view for x_county_group_detail customization</field>
    <field name="priority">99</field>
    <field name="type">form</field>
  </record>
  <record id="studio_customization.default_tree_view_fo_c8ee0bb4-f49a-4dc8-8729-447442de4dc8" model="ir.ui.view" context="{'studio': True}">
    <field name="active" eval="True"/>
    <field name="arch" type="xml">
      <tree string="County Group Detail">
        <field name="x_name" modifiers="{}"/>
      </tree>
    </field>
    <field name="field_parent" eval="False"/>
    <field name="groups_id" eval="[(6, 0, [])]"/>
    <field name="inherit_id" eval="False"/>
    <field name="key" eval="False"/>
    <field name="mode">primary</field>
    <field name="model">x_county_group_detail</field>
    <field name="name">Default tree view for x_county_group_detail</field>
    <field name="priority">16</field>
    <field name="type">tree</field>
  </record>
  <record id="studio_customization.odoo_studio_default__9846350f-610b-44c2-86cf-653b3cc56033" model="ir.ui.view" context="{'studio': True}">
    <field name="active" eval="True"/>
    <field name="arch" type="xml">
      <data>
        <xpath expr="//field[@name='x_name']" position="replace">
          <field name="x_studio_county_group"/>
          <field name="x_studio_county"/>
        </xpath>
      </data>
    </field>
    <field name="field_parent" eval="False"/>
    <field name="groups_id" eval="[(6, 0, [])]"/>
    <field name="inherit_id" ref="studio_customization.default_tree_view_fo_c8ee0bb4-f49a-4dc8-8729-447442de4dc8"/>
    <field name="key" eval="False"/>
    <field name="mode">extension</field>
    <field name="model">x_county_group_detail</field>
    <field name="name">Odoo Studio: Default tree view for x_county_group_detail customization</field>
    <field name="priority">99</field>
    <field name="type">tree</field>
  </record>
  <record id="studio_customization.default_tree_view_fo_e8a5752a-15f0-40c6-b653-b242aaf6ba8e" model="ir.ui.view" context="{'studio': True}">
    <field name="active" eval="True"/>
    <field name="arch" type="xml">
      <tree string="County Group">
        <field name="x_name" modifiers="{}"/>
      </tree>
    </field>
    <field name="field_parent" eval="False"/>
    <field name="groups_id" eval="[(6, 0, [])]"/>
    <field name="inherit_id" eval="False"/>
    <field name="key" eval="False"/>
    <field name="mode">primary</field>
    <field name="model">x_county_group</field>
    <field name="name">Default tree view for x_county_group</field>
    <field name="priority">16</field>
    <field name="type">tree</field>
  </record>
  <record id="studio_customization.odoo_studio_default__1474cc33-f0c8-4e66-b919-2182e9b6374e" model="ir.ui.view" context="{'studio': True}">
    <field name="active" eval="True"/>
    <field name="arch" type="xml">
      <data>
        <xpath expr="//field[@name='x_name']" position="after">
          <field name="x_studio_county_1" string="County"/>
          <field name="x_studio_total" string="Total"/>
          <field name="x_studio_total_population" string="Total Population"/>
          <field name="x_studio_population" string="Population"/>
        </xpath>
      </data>
    </field>
    <field name="field_parent" eval="False"/>
    <field name="groups_id" eval="[(6, 0, [])]"/>
    <field name="inherit_id" ref="studio_customization.default_tree_view_fo_e8a5752a-15f0-40c6-b653-b242aaf6ba8e"/>
    <field name="key" eval="False"/>
    <field name="mode">extension</field>
    <field name="model">x_county_group</field>
    <field name="name">Odoo Studio: Default tree view for x_county_group customization</field>
    <field name="priority">99</field>
    <field name="type">tree</field>
  </record>
  <record id="studio_customization.default_kanban_view__2870d5e9-24a0-4306-a4b3-842a6e59be62" model="ir.ui.view" context="{'studio': True}">
    <field name="active" eval="True"/>
    <field name="arch" type="xml">
      <kanban string="Country">
        <templates>
          <t t-name="kanban-box">
            <div t-attf-class="oe_kanban_card oe_kanban_global_click">
              <div class="o_kanban_card_content">
                <field name="x_name" modifiers="{}"/>
              </div>
            </div>
          </t>
        </templates>
      </kanban>
    </field>
    <field name="field_parent" eval="False"/>
    <field name="groups_id" eval="[(6, 0, [])]"/>
    <field name="inherit_id" eval="False"/>
    <field name="key" eval="False"/>
    <field name="mode">primary</field>
    <field name="model">x_country</field>
    <field name="name">Default kanban view for x_country</field>
    <field name="priority">16</field>
    <field name="type">kanban</field>
  </record>
  <record id="studio_customization.default_form_view_fo_26195039-5150-4234-a505-6aa381c3789f" model="ir.ui.view" context="{'studio': True}">
    <field name="active" eval="True"/>
    <field name="arch" type="xml">
      <form>
        <sheet string="Point Of Interest Detail">
          <div class="oe_title">
            <h1>
              <field name="x_name" required="1"/>
            </h1>
          </div>
          <group name="studio_group_854b0c">
            <group name="studio_group_854b0c_left"/>
            <group name="studio_group_854b0c_right"/>
          </group>
        </sheet>
      </form>
    </field>
    <field name="field_parent" eval="False"/>
    <field name="groups_id" eval="[(6, 0, [])]"/>
    <field name="inherit_id" eval="False"/>
    <field name="key" eval="False"/>
    <field name="mode">primary</field>
    <field name="model">x_point_of_interest_detail</field>
    <field name="name">Default form view for x_point_of_interest_detail</field>
    <field name="priority">16</field>
    <field name="type">form</field>
  </record>
  <record id="studio_customization.odoo_studio_default__1806daca-99db-48fd-859f-ace0b65de60e" model="ir.ui.view" context="{'studio': True}">
    <field name="active" eval="True"/>
    <field name="arch" type="xml">
      <data>
        <xpath expr="//form[1]/sheet[1]/div[1]/h1[1]" position="replace"/>
        <xpath expr="//form[1]/sheet[1]/group[@name='studio_group_854b0c']/group[@name='studio_group_854b0c_left']" position="inside">
          <field name="x_studio_field_55JDm" placeholder="Point Of Interest"/>
          <field name="x_studio_county" string="County">
            <form>
              <sheet string="Point Of Interest Detail" name="studio_sheet_616e67">
                <div class="oe_title" name="studio_div_577b53">
                </div>
                <group name="studio_group_854b0c">
                  <group name="studio_group_854b0c_left">
                    <field name="x_studio_field_55JDm" placeholder="Point Of Interest"/>
                    <field name="x_studio_county" string="County">
                      <tree string="Point Of Interest Detail">
                        <field name="x_studio_field_yfWWF"/>
                      </tree>
                      <form>
                        <sheet string="Point Of Interest Detail" name="studio_sheet_b66427">
                          <div class="oe_title" name="studio_div_897b26">
                </div>
                          <group name="studio_group_854b0c">
                            <group name="studio_group_854b0c_left">
                              <field name="x_studio_field_55JDm" placeholder="Point Of Interest"/>
                              <field name="x_studio_county" string="County">
                                <form>
                                  <sheet string="Point Of Interest Detail" name="studio_sheet_05002e">
                                    <div class="oe_title" name="studio_div_e3fac9">
                </div>
                                    <group name="studio_group_854b0c">
                                      <group name="studio_group_854b0c_left">
                                        <field name="x_studio_field_55JDm" placeholder="Point Of Interest"/>
                                        <field name="x_studio_county" string="County">
                                          <tree string="Point Of Interest Detail">
                                            <field name="x_studio_field_yfWWF"/>
                                          </tree>
                                        </field>
                                      </group>
                                      <group name="studio_group_854b0c_right"/>
                                      <group name="studio_group_854b0c_right"/>
                                      <group name="studio_group_854b0c_right"/>
                                    </group>
                                  </sheet>
                                </form>
                                <tree string="Point Of Interest Detail">
                                  <field name="x_studio_field_55JDm"/>
                                  <field name="x_studio_field_yfWWF"/>
                                </tree>
                                <tree string="Point Of Interest Detail">
                                  <field name="x_studio_field_55JDm"/>
                                  <field name="x_studio_field_yfWWF"/>
                                </tree>
                              </field>
                            </group>
                          </group>
                        </sheet>
                      </form>
                    </field>
                  </group>
                </group>
              </sheet>
            </form>
          </field>
        </xpath>
      </data>
    </field>
    <field name="field_parent" eval="False"/>
    <field name="groups_id" eval="[(6, 0, [])]"/>
    <field name="inherit_id" ref="studio_customization.default_form_view_fo_26195039-5150-4234-a505-6aa381c3789f"/>
    <field name="key" eval="False"/>
    <field name="mode">extension</field>
    <field name="model">x_point_of_interest_detail</field>
    <field name="name">Odoo Studio: Default form view for x_point_of_interest_detail customization</field>
    <field name="priority">99</field>
    <field name="type">form</field>
  </record>
  <record id="studio_customization.default_tree_view_fo_bcf87ec5-0829-4401-85b4-9cf5ace5aba4" model="ir.ui.view" context="{'studio': True}">
    <field name="active" eval="True"/>
    <field name="arch" type="xml">
      <tree string="Point Of Interest Detail">
        <field name="x_name" modifiers="{}"/>
      </tree>
    </field>
    <field name="field_parent" eval="False"/>
    <field name="groups_id" eval="[(6, 0, [])]"/>
    <field name="inherit_id" eval="False"/>
    <field name="key" eval="False"/>
    <field name="mode">primary</field>
    <field name="model">x_point_of_interest_detail</field>
    <field name="name">Default tree view for x_point_of_interest_detail</field>
    <field name="priority">16</field>
    <field name="type">tree</field>
  </record>
  <record id="studio_customization.odoo_studio_default__afa3dea2-5917-4d54-9513-ce27151b741f" model="ir.ui.view" context="{'studio': True}">
    <field name="active" eval="True"/>
    <field name="arch" type="xml">
      <data>
        <xpath expr="//field[@name='x_name'][not(ancestor::field)]" position="before">
          <field name="x_studio_field_55JDm"/>
        </xpath>
        <xpath expr="//field[@name='x_name'][not(ancestor::field)]" position="replace"/>
        <xpath expr="//field[@name='x_studio_field_55JDm'][not(ancestor::field)]" position="after">
          <field name="x_studio_field_yfWWF"/>
        </xpath>
      </data>
    </field>
    <field name="field_parent" eval="False"/>
    <field name="groups_id" eval="[(6, 0, [])]"/>
    <field name="inherit_id" ref="studio_customization.default_tree_view_fo_bcf87ec5-0829-4401-85b4-9cf5ace5aba4"/>
    <field name="key" eval="False"/>
    <field name="mode">extension</field>
    <field name="model">x_point_of_interest_detail</field>
    <field name="name">Odoo Studio: Default tree view for x_point_of_interest_detail customization</field>
    <field name="priority">99</field>
    <field name="type">tree</field>
  </record>
  <record id="studio_customization.default_tree_view_fo_168f2538-31f4-4fce-89b1-b954f54b6641" model="ir.ui.view" context="{'studio': True}">
    <field name="active" eval="True"/>
    <field name="arch" type="xml">
      <tree string="Point Of Interest">
        <field name="x_name" modifiers="{}"/>
      </tree>
    </field>
    <field name="field_parent" eval="False"/>
    <field name="groups_id" eval="[(6, 0, [])]"/>
    <field name="inherit_id" eval="False"/>
    <field name="key" eval="False"/>
    <field name="mode">primary</field>
    <field name="model">x_point_of_interest</field>
    <field name="name">Default tree view for x_point_of_interest</field>
    <field name="priority">16</field>
    <field name="type">tree</field>
  </record>
  <record id="studio_customization.odoo_studio_default__2713acd7-7f3c-43e7-bb13-787859a1d253" model="ir.ui.view" context="{'studio': True}">
    <field name="active" eval="True"/>
    <field name="arch" type="xml">
      <data>
        <xpath expr="//kanban[1]/templates[1]/t[1]/div[1]/div[1]" position="replace"/>
      </data>
    </field>
    <field name="field_parent" eval="False"/>
    <field name="groups_id" eval="[(6, 0, [])]"/>
    <field name="inherit_id" ref="studio_customization.default_kanban_view__2870d5e9-24a0-4306-a4b3-842a6e59be62"/>
    <field name="key" eval="False"/>
    <field name="mode">extension</field>
    <field name="model">x_country</field>
    <field name="name">Odoo Studio: Default kanban view for x_country customization</field>
    <field name="priority">99</field>
    <field name="type">kanban</field>
  </record>
</odoo>
